user;algorithm;neg_mean_squared_error;feature_user;feature_alcohol_beer;feature_alcohol_otherfermented;feature_alcohol_wine;feature_alcohol_winemix;feature_birthdate;feature_depression_q1;feature_depression_q10;feature_depression_q2;feature_depression_q3;feature_depression_q4;feature_depression_q5;feature_depression_q6;feature_depression_q7;feature_depression_q8;feature_depression_q9;feature_diet_q1;feature_diet_q10;feature_diet_q11;feature_diet_q12;feature_diet_q13;feature_diet_q14;feature_diet_q2;feature_diet_q3;feature_diet_q4;feature_diet_q5;feature_diet_q6;feature_diet_q7;feature_diet_q8;feature_diet_q9;feature_height;feature_measurementtime;feature_med_Acido acetil salicilico;feature_med_Hidroclorotiazida;feature_med_Ibuprofeno;feature_med_Lercanidipino;feature_med_Lorazepam;feature_med_Lormetazepam;feature_med_Naproxeno;feature_med_Paracetamol;feature_med_Sertralina;feature_med_Zolpidem;feature_physical_q1;feature_physical_q2;feature_physical_q3;feature_physical_q4;feature_physical_q5;feature_physical_q6;feature_physical_q7;feature_pulse;feature_smoke_cigarettes;feature_smoke_electronic;feature_social_q1;feature_social_q2;feature_social_q3;feature_social_q4;feature_social_q5;feature_social_q6;feature_social_q7;feature_steps;feature_stress_q1;feature_stress_q10;feature_stress_q11;feature_stress_q12;feature_stress_q13;feature_stress_q14;feature_stress_q2;feature_stress_q3;feature_stress_q4;feature_stress_q5;feature_stress_q6;feature_stress_q7;feature_stress_q8;feature_stress_q9;feature_weather_clouds;feature_weather_feels;feature_weather_humidity;feature_weather_pressure;feature_weather_temp;feature_weather_tempmax;feature_weather_tempmin;feature_weather_windspeed;feature_weight;feature_educationlevel;feature_gender
1;RF;6.545553337568389;0.0;0.0;0.0;0.0;0.0;0.0;0.004955616219335623;0.0;0.0;0.0;0.0;0.0;0.0;0.0048995514557243144;0.0026367549860650697;0.0;0.0;0.0;0.0;0.0;0.0;0.0;0.0;0.0;0.0;0.0;0.0;0.0;0.0;0.0;0.0;0.13651610272379988;0.0;0.006139826582653919;0.0;0.0;0.0;0.0;0.0;0.0;0.0;0.0;0.0;0.0;0.0013725075617439888;0.0013993109283996774;0.009023258634716742;0.01432145194363978;0.02446399363851417;0.06925899013828307;0.0;0.0;0.0;0.0032392244675268846;0.0;0.0;0.0027339445587475962;0.0027768422504582126;0.0;0.3078067921639283;0.0027450611020181323;0.004710516356319497;0.003014563026312187;0.003024441699295884;0.004455122068412093;0.003113471787378139;0.00207421595318217;0.0;0.0;0.0;0.0016958579491285675;0.0009965049611881998;0.0;0.004235653412741192;0.033132769164820774;0.0663183024329546;0.05075915665266063;0.035893154631150115;0.06957644532626005;0.047134177989407416;0.035217831136008196;0.04035858609722509;0.0;0.0;0.0
2;RF;5.26547405480202;0.0;0.0;0.0;0.0;0.0;0.0;0.0;0.0;0.0;0.0;0.0;0.007291138434027597;0.0;0.008012284576694164;0.0;0.0;0.0;0.0;0.0;0.0;0.0;0.0;0.0;0.0;0.01311785533937838;0.0;0.0;0.0;0.0;0.0;0.0;0.07591165174721015;0.0013097980069776802;0.0;0.01084105740624514;0.0;0.0;0.0;0.0;0.0031407834088279965;0.0;0.0;0.01128640783183382;0.016947966774373734;0.006290370487600116;0.01353934864221677;0.007814114165980851;0.01666246977752495;0.020625611949311815;0.07629913745079468;0.0;0.0;0.0;0.0;0.0;0.012926811916824179;0.0;0.0;0.0;0.07866370182696354;0.0053088529504682035;0.012447488085771822;0.010515953050421472;0.0;0.007125373074515873;0.010810450524663624;0.01387668680131017;0.010159966867696065;0.0;0.0;0.0;0.006713721819439979;0.009605804982972536;0.0;0.021595740925397705;0.07401767933847149;0.05824025191584729;0.055761164208224405;0.08132229396600256;0.07238077460552687;0.0781397780364527;0.09129750910403173;0.0;0.0;0.0
3;RF;7.9692499310927705;0.0;0.0;0.0;0.0;0.0;0.0;0.006813283018568473;0.00028874091310470085;0.0033113503346028934;0.004807931531030398;0.001840939008431085;0.0;0.0;0.00301773333025553;0.004502114273975851;0.0018020052433659994;0.0;0.0;0.0;0.0;0.003372696141267232;0.0;0.0;0.005871927478681395;0.0;0.0;0.0;0.0;0.0;0.0;0.0;0.051643541272520146;0.0006651705826683594;0.0;0.0;0.0;0.0;0.0;0.005541515012725887;0.0;0.0;0.0;0.0;0.0;0.0;0.0;0.00885354485061862;0.005154517558347085;0.008637327089907523;0.06825660083841488;0.05728385941182996;0.05624424820103753;0.000738283871762062;0.00549673277336357;0.0036420499484459503;0.0;0.0022898683877207427;0.0022543774572870113;0.0;0.3079486121141596;0.003501506336122467;0.0;0.002214786725843178;0.0030871486179790235;0.0;0.007608274342111987;0.007052967862257634;0.0026735911254877546;0.0030981831078556706;0.0031974148811862;0.0;0.0;0.00520884459822697;0.0014263293142998542;0.02677866990026123;0.05108048028537206;0.03617314667920511;0.04248665050477753;0.08831373210861966;0.042916733109798516;0.018659136233862273;0.03424343362264036;0.0;0.0;0.0
4;RF;4.290662998891226;0.0;0.018160115652082903;0.0;0.007910995962826987;0.041504052370703357;0.0;0.0;0.0;0.0;0.006395337779779798;0.002247573458790897;0.0;0.010390726692885308;0.0;0.010076657452954314;0.0;0.005574815928478968;0.0;0.0;0.0;0.0;0.008326876644449912;0.0;0.00427854379756116;0.0;0.001433206736039606;0.0;0.0;0.0;0.0;0.0;0.07563203103185123;0.0;0.0;0.0;0.0;0.0;0.0;0.0;0.003337953097643154;0.0;0.0;0.0022898776737930735;0.0023871397354603115;0.011398170906896626;0.007627725738830498;0.00837468950607529;0.006003597552462154;0.0014812120117947336;0.0685313088507817;0.0;0.0;0.005631269499311963;0.0;0.006037373586130982;0.0042548079284581335;0.0;0.0;0.0;0.06713244723345486;0.003136006152385915;0.003025866642098969;0.00480963119650141;0.0;0.001734470465609026;0.0036808216017376366;0.006910670843266794;0.0;0.01395777442693218;0.0;0.0;0.007448181136718762;0.00746607799025522;0.0009140976445266555;0.04608399289836272;0.07154428729376716;0.06578609609278453;0.06625349482870696;0.08100954145177651;0.09053043695866783;0.08165520697702348;0.05763483856938035;0.0;0.0;0.0
5;RF;14.051503222410208;0.0;0.0;0.023309663226471516;0.0;0.004654508811728574;0.0;0.008545594023893524;0.0;0.0;0.011036262946319262;0.0;0.008878005632098618;0.005086272070348606;0.0007105584638770194;0.0;0.013074082069984153;0.0;0.0;0.007692583778007266;0.0;0.0;0.0;0.0;0.014136240276089996;0.0;0.0;0.0;0.007496476891851465;0.0;0.0;0.0;0.09494078333813931;0.0;0.0;0.0;0.0;0.0;0.0;0.0;0.0;0.0;0.0;0.006216051709746024;0.021066737866824205;0.008160637608894626;0.008721311974359417;0.01609634413542584;0.028031773537101786;0.001550052848827482;0.054728276382113084;0.0;0.0;0.0;0.006247694672417029;0.007009987074695016;0.012441725677637652;0.00831014004552554;0.0005203709920992365;0.0;0.1558579842522508;0.0017734489946958833;0.0;0.002657775910864696;0.0002686839733053029;0.0;0.0059450319221000655;0.0005826371199101904;0.005008870327601512;0.0041464928067911876;0.001251704509669577;0.018031655115188835;0.0;0.0;0.0;0.06598406861000868;0.044646379425443375;0.049704592332448075;0.029245957544343122;0.10279434339208497;0.03596175273046112;0.03922540423459915;0.058251080743757226;0.0;0.0;0.0
6;RF;6.8491283526415065;0.0;0.0;0.0;0.0;0.0;0.0;0.0017837596377336523;0.003145720125131325;0.008478410660346877;0.02930691150198916;0.013420692598985802;0.0;0.015157003282596393;0.009116035857809509;0.012680852538575513;0.0;0.0;0.001953644487876761;0.0;0.0;0.0;0.003504549237518018;0.0;0.008538461930404764;0.0;0.0;0.0;0.0;0.0;0.0;0.0;0.07588439647489426;0.0;0.0;0.0;0.0;0.0;0.0;0.012478188668294256;0.0020890946889007135;0.0;0.0;0.005627466976626506;0.005607335904276501;0.014481053144799774;0.008976004462863646;0.00644276007825085;0.025685137917160587;0.010614124440376531;0.0761842447307009;0.0;0.0;0.0;0.0;0.0;0.0019649757081095657;0.0;0.0;0.0;0.0556401176271443;0.03185884159635513;0.004099277335771963;0.029412653608573053;0.012817642191446007;0.002653137782679322;0.02430908947882052;0.008278543789888859;0.018797043457730506;0.0;0.0024256882366755026;0.00643338835476104;0.015446944746324857;0.01806461655469033;0.00684995336700183;0.026152713918974113;0.05992425196034566;0.04389964286381275;0.07293395097085559;0.046148023687198295;0.04867465594537715;0.04948902865947173;0.05485649807406929;0.007713470737810291;0.0;0.0
7;RF;9.17360015929468;0.0;0.0;0.0;0.0;0.0;0.0;0.0;0.0;0.003535114316139945;0.0;0.0018029665320478709;0.0024446041755921554;0.003568293118753823;0.003627258988699828;0.0020651154353854943;0.0;0.0;0.0;0.0;0.0;0.0;0.0;0.00935170888152746;0.003326952684993989;0.0;0.0;0.0;0.0;0.0;0.004164565813050218;0.0;0.1882529553166741;0.0;0.0;0.0;0.0;0.0;0.0;0.0;0.0;0.0;0.0;0.008514727546126541;0.007813322335793928;0.0023218478694506995;0.003210833175208442;0.0;0.006503150525637448;0.0;0.11463792447447857;0.0;0.0;0.0;0.0;0.0;0.001607089715344589;0.0;0.007717692323001206;0.0;0.09833276782326392;0.006744727141741266;0.008231709631560304;0.010476545099261847;0.0009056419849386756;0.0;0.006373912656146248;0.009145471838460512;0.01955006167930597;0.003058527344385457;0.002619597237616801;0.002952107703126201;0.0035433849295923507;0.0036924697509413524;0.0017078400734677737;0.0605739865798683;0.10162837713948696;0.07469253934054579;0.044938095616675146;0.0343323789454764;0.045355684641308416;0.028554975546938515;0.058123074067985156;0.0;0.0;0.0
General;RF;8.458861541685106;0.04861047278392622;0.00010919902257344806;0.007612662355317969;3.181019800521148e-05;0.0006329649109268427;0.06513842022169557;0.00046381213198174706;0.11819387587186901;0.00024402849787166892;0.0005772369602503835;0.0018934878000629815;0.0008721536735189858;0.0005077831586067479;0.00033155843084924525;0.2599855650419745;0.00045343709389772114;0.00021333135507848572;0.0038623043533768495;0.0002935141283114892;0.0003639443594004866;0.00410001535057323;0.00015318192343797714;0.0012464835214313805;0.0006965429010631978;7.512961091056442e-05;0.0013959565858230399;4.2262659354704526e-05;0.00029427570716562156;4.4446051618491505e-05;0.0008417261824918113;0.0002947723885375448;0.02272919640369707;3.291535743631113e-05;1.5607404963416765e-05;5.9380532659237055e-05;0.030316351905218048;8.310058757066492e-05;2.7876821188963514e-05;0.00031590841360621216;7.680441378919105e-05;0.03326418012424148;0.03743588315038219;0.0008204485708494621;0.12870746260309152;0.0013537931368950065;0.0009691499065655837;0.03300382661685507;0.0022116142670765126;0.0017804615359038767;0.015068293565522535;0.001305553969930193;0.0006520629214029507;0.002615148633450335;0.0006961047316378454;0.003090415216844656;0.000557173018354525;0.0023126261688336557;0.0009036736582884432;7.020440425745862e-05;0.03570480485679905;0.0023150358678564738;0.0002993102304249536;0.0004240993759314895;0.0004667134904135502;0.0005205309582229824;0.00041888658530688026;0.0018980246202849375;0.001140964254956201;0.0007568022205880426;0.0056545967169151674;0.000685872427056412;0.00022553583897032975;0.0003981954123236114;0.00032049169899635267;0.0030806798243846866;0.014767773033236153;0.006878842470461705;0.008047259017009794;0.007321998698197898;0.0047513926638926285;0.0062154531240654;0.00956098393251703;0.005792209233669813;1.3884621979646282e-05;0.00021620420379562011
1;DT;7.864674944281524;0.0;0.0;0.0;0.0;0.0;0.0;0.0;0.0;0.0;0.0;0.0;0.0;0.0;0.0;0.0;0.0;0.0;0.0;0.0;0.0;0.0;0.0;0.0;0.0;0.0;0.0;0.0;0.0;0.0;0.0;0.0;0.2512137743656652;0.0;0.0;0.0;0.0;0.0;0.0;0.0;0.0;0.0;0.0;0.0;0.0;0.0;0.0;0.0;0.0;0.0;0.0;0.0;0.0;0.0;0.0;0.0;0.0;0.0;0.0;0.0;0.7487862256343347;0.0;0.0;0.0;0.0;0.0;0.0;0.0;0.0;0.0;0.0;0.0;0.0;0.0;0.0;0.0;0.0;0.0;0.0;0.0;0.0;0.0;0.0;0.0;0.0;0.0
2;DT;4.864153089655511;0.0;0.0;0.0;0.0;0.0;0.0;0.0;0.0;0.0;0.0;0.0;0.0;0.0;0.0;0.0;0.0;0.0;0.0;0.0;0.0;0.0;0.0;0.0;0.0;0.0;0.0;0.0;0.0;0.0;0.0;0.0;0.0;0.0;0.0;0.0;0.0;0.0;0.0;0.0;0.0;0.0;0.0;0.0;0.0;0.0;0.0;0.0;0.0;0.0;0.4430361593327702;0.0;0.0;0.0;0.0;0.0;0.0;0.0;0.0;0.0;0.0;0.0;0.0;0.0;0.0;0.0;0.0;0.0;0.0;0.0;0.0;0.0;0.0;0.0;0.0;0.0;0.0;0.0;0.0;0.5569638406672298;0.0;0.0;0.0;0.0;0.0;0.0
3;DT;9.01490449417955;0.0;0.0;0.0;0.0;0.0;0.0;0.0;0.0;0.0;0.0;0.0;0.0;0.0;0.0;0.0;0.0;0.0;0.0;0.0;0.0;0.0;0.0;0.0;0.0;0.0;0.0;0.0;0.0;0.0;0.0;0.0;0.0;0.0;0.0;0.0;0.0;0.0;0.0;0.0;0.0;0.0;0.0;0.0;0.0;0.0;0.0;0.0;0.0;0.0;0.0;0.0;0.0;0.0;0.0;0.0;0.0;0.0;0.0;0.0;0.7794257039481863;0.0;0.0;0.0;0.0;0.0;0.0;0.0;0.0;0.0;0.0;0.0;0.0;0.0;0.0;0.0;0.0;0.0;0.0;0.22057429605181367;0.0;0.0;0.0;0.0;0.0;0.0
4;DT;4.5131943910174215;0.0;0.0;0.0;0.0;0.0;0.0;0.0;0.0;0.0;0.0;0.0;0.0;0.0;0.0;0.0;0.0;0.0;0.0;0.0;0.0;0.0;0.0;0.0;0.0;0.0;0.0;0.0;0.0;0.0;0.0;0.0;0.0;0.0;0.0;0.0;0.0;0.0;0.0;0.0;0.0;0.0;0.0;0.0;0.0;0.0;0.0;0.0;0.0;0.0;0.0;0.0;0.0;0.0;0.0;0.0;0.0;0.0;0.0;0.0;0.0;0.0;0.0;0.0;0.0;0.0;0.0;0.0;0.0;0.0;0.0;0.0;0.0;0.0;0.0;0.0;0.0;0.0;0.0;0.0;0.0;0.0;0.0;0.0;0.0;0.0
5;DT;14.196381803379019;0.0;0.0;0.0;0.0;0.0;0.0;0.0;0.0;0.0;0.0;0.0;0.0;0.027770531680163947;0.0;0.0;0.030276210746884424;0.0;0.0;0.0;0.0;0.0;0.0;0.0;0.0;0.0;0.0;0.0;0.0;0.0;0.0;0.0;0.32607879459725525;0.0;0.0;0.0;0.0;0.0;0.0;0.0;0.0;0.0;0.0;0.0;0.0;0.0;0.0;0.0;0.45291660255759253;0.0;0.0;0.0;0.0;0.0;0.0;0.0;0.0;0.0;0.0;0.0;0.0;0.0;0.0;0.0;0.0;0.0;0.0;0.0;0.0;0.0;0.0;0.0;0.0;0.0;0.0;0.0;0.0;0.0;0.16295786041810395;0.0;0.0;0.0;0.0;0.0;0.0;0.0
6;DT;5.9891251275123585;0.0;0.0;0.0;0.0;0.0;0.0;0.0;0.0;0.0;0.0;0.0;0.0;0.0;0.0;0.0;0.0;0.0;0.0;0.0;0.0;0.0;0.0;0.0;0.0;0.0;0.0;0.0;0.0;0.0;0.0;0.0;0.0;0.0;0.0;0.0;0.0;0.0;0.0;0.0;0.0;0.0;0.0;0.6275937548976067;0.0;0.37240624510239334;0.0;0.0;0.0;0.0;0.0;0.0;0.0;0.0;0.0;0.0;0.0;0.0;0.0;0.0;0.0;0.0;0.0;0.0;0.0;0.0;0.0;0.0;0.0;0.0;0.0;0.0;0.0;0.0;0.0;0.0;0.0;0.0;0.0;0.0;0.0;0.0;0.0;0.0;0.0;0.0
7;DT;9.651328860544181;0.0;0.0;0.0;0.0;0.0;0.0;0.0;0.0;0.0;0.0;0.0;0.0;0.0;0.0;0.0;0.0;0.0;0.0;0.0;0.0;0.0;0.0;0.0;0.0;0.0;0.0;0.0;0.0;0.0;0.0;0.0;0.0;0.0;0.0;0.0;0.0;0.0;0.0;0.0;0.0;0.0;0.0;0.0;0.0;0.0;0.0;0.0;0.0;0.0;0.0;0.0;0.0;0.0;0.0;0.0;0.0;0.0;0.0;0.0;0.0;0.0;0.0;0.0;0.43862631059496804;0.0;0.0;0.0;0.0;0.0;0.0;0.0;0.0;0.0;0.0;0.5613736894050319;0.0;0.0;0.0;0.0;0.0;0.0;0.0;0.0;0.0;0.0
General;DT;9.609705467422724;0.29837951065632706;0.0;0.009148504763923915;0.0;0.0;0.0;0.0;0.0;0.0;0.0;0.0;0.0;0.0;0.0;0.4367206295249303;0.0;0.0;0.0;0.0;0.0;0.0;0.0;0.0;0.0;0.0;0.0;0.0;0.0;0.0;0.014877726550110144;0.0;0.013345663081649676;0.0;0.0;0.0;0.0;0.0;0.0;0.0;0.0;0.0;0.0;0.0;0.0;0.0;0.0;0.17811043559298026;0.0;0.001107996595884695;0.004332484968427228;0.0;0.0;0.002512038270832338;0.0;0.0;0.0;0.0;0.0;0.0;0.018408943950941992;0.0;0.0;0.0;0.0;0.0;0.0;0.0026316758066152815;0.0;0.0;0.0;0.006449707511225874;0.0;0.0;0.0;0.0;0.009060579691502582;0.0;0.0003762625579026158;0.0007333562292235246;0.003804484247522459;0.0;0.0;0.0;0.0;0.0
1;SVR_dia;8.308277385292142;0.0;0.0;0.0;0.0;0.0;0.0;-1.207458761759687;0.0;0.0;0.0;0.0;0.0;0.0;-1.207458761759687;0.4266018859911158;0.0;0.0;0.0;0.0;0.0;0.0;0.0;0.0;0.0;0.0;0.0;0.0;0.0;0.0;0.0;0.0;-1.9667028878579282;0.0;-0.028501421580554798;0.0;0.0;0.0;0.0;0.0;0.0;0.0;0.0;0.0;0.0;0.0374343243638105;0.037434324363813276;0.3582470526965248;-0.029877518730483388;0.017369250262105673;-1.4965835510828442;0.0;0.0;0.0;-1.0725591600524638;0.0;0.0;-1.5913238209720957;-1.0725591600524638;0.0;-2.8357826418550682;-0.18268995603909377;0.3503427086687767;-0.04883727480477301;-0.3039663785004718;0.16191676591039394;-0.37260220968815194;-0.2162474769235173;0.0;0.0;0.0;0.15886836116222613;0.29272677123502244;0.0;0.17961631181802407;-1.287881496055129;-1.070017248883363;-0.3861545929430965;-1.8135722501151186;-0.5918500373942643;-1.7821404022838887;0.5961659375777463;-0.6648357056635052;0.0;0.0;0.0
2;SVR_dia;6.024339976065497;0.0;0.0;0.0;0.0;0.0;0.0;0.0;0.0;0.0;0.0;0.0;0.9988995811761288;0.0;-2.1586321700679183;0.0;0.0;0.0;0.0;0.0;0.0;0.0;0.0;0.0;0.0;1.233135279358207;0.0;0.0;0.0;0.0;0.0;0.0;-0.5548797269055923;-0.12095297520516102;0.0;0.0987128758276718;0.0;0.0;0.0;0.0;-0.3613216407550337;0.0;0.0;0.1487738012423241;0.09286637676286258;-0.10114222916116011;0.07014615677507108;-0.07159360956486505;-0.3510531116725244;-0.09598359078260454;0.785503995002686;0.0;0.0;0.0;0.0;0.0;1.4090144627563168;0.0;0.0;0.0;0.11491341307188896;-0.28500637057872624;-0.10456021259118803;0.12096963573580943;0.0;0.1727489066942245;-0.17274890669422538;-0.2268833623400479;0.12096963573580899;0.0;0.0;0.0;0.285006370578727;-0.16661727305961804;0.0;-0.7150663891659756;-0.17900119280626484;0.18760605221883286;-0.4187360970508267;-0.012912492235601758;0.31070363292055375;-0.12059870271290418;1.5977789495155887;0.0;0.0;0.0
3;SVR_dia;38.49289261617294;0.0;0.0;0.0;0.0;0.0;0.0;-0.8864468367455021;0.11825758859986457;-0.7942181679934168;1.2302082707935136;-0.3730861418882572;0.0;0.0;-0.3730861418882572;0.7964841302813802;0.11825758859986457;0.0;0.0;0.0;0.0;-1.0971984137471393;0.0;0.0;1.1228005427122396;0.0;0.0;0.0;0.0;0.0;0.0;0.0;-1.4641055421007392;-0.2248891890258431;0.0;0.0;0.0;0.0;0.0;-0.8843582692957327;0.0;0.0;0.0;0.0;0.0;0.0;0.0;2.448620895715073;0.6451942669188979;-3.487640579148776;0.047120126388975336;-0.5095205156418942;0.4088874596832104;1.6277916514906323;-0.8745996993501799;0.10939245613342741;0.0;1.6277916514906323;0.10939245613342741;0.0;-1.6295537720260493;0.7059791848068706;0.0;-0.08776379969685533;-0.35459144056969616;0.0;0.4284344775559424;-0.35459144056969616;-0.35459144056969616;-2.3292094129834178;-1.7148311843770516;0.0;0.0;1.660803751429242;-1.0216169673641675;-2.3340107514796054;-3.0501113811681666;-2.0081223406006505;0.5334519057425721;-0.7161367048877648;-0.7684379083247613;-0.04976222130406294;-0.8440976009749641;0.0;0.0;0.0
4;SVR_dia;5.361866693068528;0.0;-0.0688697953129273;0.0;-0.14440180483415077;-0.47232782335427465;0.0;0.0;0.0;0.0;-0.2343980576122447;0.9168992472074244;0.0;-1.1147528483137465;0.0;1.1147528483137465;0.0;-0.3725813243876356;0.0;0.0;0.0;0.0;-0.7148418279085833;0.0;0.3985994429460913;0.0;0.3985994429460902;0.0;0.0;0.0;0.0;0.0;0.009709351151814483;0.0;0.0;0.0;0.0;0.0;0.0;0.0;0.11295249491112458;0.0;0.0;0.02160858417574421;0.4517449293959846;0.4568773983275228;0.32604112932206925;0.039643907732352796;0.1664076863771077;-0.16640768637710798;0.49463933708981084;0.0;0.0;0.37258132438763186;0.0;-0.040293393580080744;0.11295249491112531;0.0;0.0;0.0;-1.1905077194373233;-0.27323608443744835;-0.08620846061337907;0.5378560561822949;0.0;0.37258132438763186;0.5910525041897058;0.37258132438763186;0.0;-0.37258132438763186;0.0;0.0;-0.08620846061337907;0.5910525041897058;-0.5439954055220122;-0.453957435535595;-0.5774569949660996;-0.3133175741006979;-1.6868983276116782;-0.2933997982357183;0.36949206571067933;-0.4601616127454037;0.45658647827382604;0.0;0.0;0.0
5;SVR_dia;14.531601687369381;0.0;0.0;0.738931204158698;0.0;-1.7764323913129239;0.0;-0.4194078873052489;0.0;0.0;1.5346103235319921;0.0;-1.1605313916415574;0.3608320272538827;0.6987171627287294;0.0;1.0731962931285062;0.0;0.0;-1.0274020549417988;0.0;0.0;0.0;0.0;1.519709794916922;0.0;0.0;0.0;-1.4740060256744631;0.0;0.0;0.0;1.3801476299066706;0.0;0.0;0.0;0.0;0.0;0.0;0.0;0.0;0.0;0.0;1.772137566761768;1.791088537698043;-0.5272352016896068;-0.6584198976535066;-0.43782397633532877;-0.09976031937153693;-0.19388751936246515;-1.233081322402864;0.0;0.0;0.0;0.3631441604776835;1.6393410155472454;-0.3631441604776835;0.38619796505014026;1.6393410155472454;0.0;0.3051403639081919;-0.6897857032291183;0.0;1.570525030649928;-1.11930486071606;0.0;0.022323349053948078;-0.6897857032291183;-1.0070221963447314;0.20895895405529716;-0.48238260143491385;-1.1605313916415574;0.0;0.0;0.0;0.3540688432571859;0.636570542347514;-1.1296032001035583;-1.064256017844531;0.2915866345503913;-0.8814139463753043;2.0284694230171416;0.02607080587951321;0.0;0.0;0.0
6;SVR_dia;100.04312811680569;0.0;0.0;0.0;0.0;0.0;0.0;0.5018538452249515;1.0973720659354629;0.7863133254957015;0.9954242840035599;0.15594657413355212;0.0;-0.5904413656183172;-2.125412063588688;-0.9954242840035579;0.0;0.0;1.0754964533959412;0.0;0.0;0.0;-2.103346635747704;0.0;1.5078215808862532;0.0;0.0;0.0;0.0;0.0;0.0;0.0;-0.38101867318642635;0.0;0.0;0.0;0.0;0.0;0.0;-0.5375204337652245;-1.3322676295501878e-15;0.0;0.0;-0.7176058995502731;-1.0229623949315685;0.8871260940640591;-0.5625943805062339;-0.3600623687907677;-0.4406094758989181;-0.7548497459856948;2.990905427654815;0.0;0.0;0.0;0.0;0.0;-0.3350752003218672;0.0;0.0;0.0;-0.06229097322050392;-0.6491654556696381;0.30311524247870025;0.11554646837135052;1.5621480474055836;0.07174634675830993;0.7846991863088338;-0.16596887903940505;0.03381585231195694;0.0;0.5694816940212856;0.47998785375339437;0.1729904430339857;0.5395563655838294;0.5694816940212856;-0.1887786745375975;0.9649846877240971;1.9379333617971697;1.1477824842235687;0.08062283132298392;-0.25596960394945745;0.21792650656348767;-1.3765269375575273;1.212871590680839;0.0;0.0
7;SVR_dia;6.948183915495479;0.0;0.0;0.0;0.0;0.0;0.0;0.0;0.0;0.05268202091047658;0.0;-0.43798237781721727;0.05268202091047525;-0.32073044989545196;-0.03740214576695955;-0.43798237781721727;0.0;0.0;0.0;0.0;0.0;0.0;0.0;0.5914706721086505;0.9815247868942971;0.0;0.0;0.0;0.0;0.0;-1.296576721303645;0.0;-0.8364666602362045;0.0;0.0;0.0;0.0;0.0;0.0;0.0;0.0;0.0;0.0;-0.026534343429415408;0.7898013039632548;-0.3995675812804358;-0.3995675812804358;0.0;-0.9058245784405772;0.0;-0.6412769154090914;0.0;0.0;0.0;0.0;0.0;-0.9420654867147836;0.0;-0.0718618718471764;0.0;-0.44780707550160126;0.2661231953318619;0.5829216458518967;0.3586242051362438;-0.44946330202009943;0.0;0.38653584898301263;-0.1459801532713687;-0.668242491861514;0.026306879381126747;0.1816274262520588;0.1816274262520588;0.026306879381126747;0.026306879381126136;0.1816274262520588;0.0819187897662299;-0.9285211294549497;-0.13537068120097762;-0.9512959822454505;-0.19231361147250325;-0.4276307691785901;1.6251218252571442;-0.7285336002689707;0.0;0.0;0.0
General;SVR_dia;8.695460133568814;-0.43613055779522825;0.1317944838742484;2.7993464764711797;0.4234994571709058;-0.1644903308855552;-3.574334747873798;-0.6184109630352417;0.7154332726380339;0.006773601821281616;-0.5397655855275687;1.4940493504306072;-0.1199067408661989;-0.23317606780643274;-1.8009315369059746;1.7892490828475252;3.3258916938427427;1.9566021424689888;-1.4020768549704854;0.32684131137541783;4.641433705157848;2.2147084616239123;-1.060469316177937;0.047427084599499736;1.282890368814233;2.2083548848595154;-0.4840534948214099;-1.7692394056800933;1.0626991330073263;-2.148518309173009;-1.4173962485168632;-1.5503423803302114;-0.7045102804006829;-0.1288189745389101;-0.43921418523024425;0.27538185260326753;2.945974810164593;-0.7233325834073057;-0.7233325834073057;-0.3118484970172566;0.04984452052271138;2.945974810164593;2.945974810164593;0.6224583687529428;-3.9889974695370753;-0.011120456522957234;-0.12195535333835927;2.1127623705670184;0.24963639232937673;1.0709123560719949;0.7575615100539275;1.2232769079134815;0.1326479216263703;4.047229275691127;4.5054229600978495;0.31289023720803666;0.09996781290582746;-1.0082611213474575;-1.3211817943153532;-0.7233325834073128;0.2688092108733713;-1.5431120016152975;1.1573608328997826;1.9130429750160385;-2.5562598102219694;1.9550908800553692;1.3461079681538877;-1.7260088096976673;0.1995243030775531;-2.9377705396937994;-2.2503198430050997;-0.5449362808311955;-1.5276225896500994;0.7226444557800829;2.1323278722938017;0.3977809045745211;-1.0961975871629148;-0.6158643833081232;0.3616470943125192;-0.4679065464564145;-0.7407741647915023;1.6503684233751508;-0.7147350219859732;-0.44838660194356805;1.6315394320072285;-4.35292475941097
1;SVR_sys;4.5490647594225395;0.0;0.0;0.0;0.0;0.0;0.0;-0.5826182907683557;0.0;0.0;0.0;0.0;0.0;0.0;-0.5826182907683557;0.05908862363185863;0.0;0.0;0.0;0.0;0.0;0.0;0.0;0.0;0.0;0.0;0.0;0.0;0.0;0.0;0.0;0.0;0.23018571493300355;0.0;1.0809617299321905;0.0;0.0;0.0;0.0;0.0;0.0;0.0;0.0;0.0;0.0;0.07104156728237426;0.07104156728237326;-0.05175892254440295;0.22269866141580819;-0.3325227106933525;1.0690257555297509;0.0;0.0;0.0;0.2564540482714255;0.0;0.0;-1.1022746735496751;0.2564540482714255;0.0;-2.787900649037914;-0.2384933064878818;0.4581108223480226;0.23211007966085845;-0.19873349417870756;0.006808497572498018;-0.2774234824504783;0.0874689121627399;0.0;0.0;0.0;0.20814172766926342;0.07131672337508554;0.0;0.43511549661203297;-0.8690203949666627;-1.1202208622337546;-1.235684101799876;-0.17729842516078687;-1.1417243169740234;-0.717396982309565;-0.16692825404250577;-0.2008687828393585;0.0;0.0;0.0
2;SVR_sys;4.051157997906981;0.0;0.0;0.0;0.0;0.0;0.0;0.0;0.0;0.0;0.0;0.0;-0.4593813140491303;0.0;-0.9820131765488708;0.0;0.0;0.0;0.0;0.0;0.0;0.0;0.0;0.0;0.0;-0.8955958401554112;0.0;0.0;0.0;0.0;0.0;0.0;-1.1289418616544293;0.3397797837430012;0.0;-0.8171907622846973;0.0;0.0;0.0;0.0;-0.22428152699206735;0.0;0.0;0.7414261263831476;0.33242590723510324;0.3781898267642472;0.4732000574011638;-0.04583418612728596;-0.3657430122668679;0.3905237378790267;-1.0107762766414945;0.0;0.0;0.0;0.0;0.0;0.3763458286282426;0.0;0.0;0.0;0.46037314949137587;0.06490848357049361;0.6247429623969243;0.41081786179392;0.0;0.5329192775139617;-0.53291927751396;0.922960095433772;0.41081786179391955;0.0;0.0;0.0;-0.06490848357049195;0.47840534893951925;0.0;-0.16595465115287736;0.1612931558689986;0.29016818135804867;-0.007640947267460785;0.3646213814510818;0.2192503609085637;0.22792842633453925;1.1323227544635572;0.0;0.0;0.0
3;SVR_sys;105.92624260325677;0.0;0.0;0.0;0.0;0.0;0.0;-3.4721971750334286;3.7763834647732475;1.895318024631339;-0.1307763237802026;-3.8381781191483064;0.0;0.0;-3.8381781191483064;-1.128832096817067;3.7763834647732475;0.0;0.0;0.0;0.0;-5.901658929431946;0.0;0.0;1.488015460729888;0.0;0.0;0.0;0.0;0.0;0.0;0.0;-5.866026278513918;0.07552180517851943;0.0;0.0;0.0;0.0;0.0;-0.8695717756083515;0.0;0.0;0.0;0.0;0.0;0.0;0.0;-0.9371541245691387;1.998427662159789;-3.7930274466105165;-2.7945441346776296;-0.5936460321214144;0.2349169297852466;4.266069220577967;-9.849759894239225;-3.533131705042661;0.0;4.266069220577967;-3.533131705042661;0.0;-3.8005824379409225;0.7124195648287216;0.0;2.1385026015378203;1.3800359466463155;0.0;3.0631207925186255;1.3800359466463155;1.3800359466463155;-1.6953958693291489;-3.573226289009914;0.0;0.0;3.418614004080584;0.32430420841346647;-3.8043682421118907;-7.238738376195182;4.160510254236593;1.0722757429738246;2.280379002763414;2.5997595815629624;3.9608619827605067;-2.7852452433240305;0.0;0.0;0.0
4;SVR_sys;5.478385440970487;0.0;-1.0301451731246218;0.0;0.8335259506345469;-0.29589553891567055;0.0;0.0;0.0;0.0;-0.06028030179152921;0.014357291207479639;0.0;-0.07852168531941406;0.0;0.07852168531941406;0.0;0.08075497467375325;0.0;0.0;0.0;0.0;0.16382462990005697;0.0;-0.08006588752010696;0.0;-0.08006588752010635;0.0;0.0;0.0;0.0;0.0;-2.2820365722253833;0.0;0.0;0.0;0.0;0.0;0.0;0.0;0.4043874938842429;0.0;0.0;-0.008890105552791683;-0.09191649381233791;-0.1566808329300987;-0.13786266294212113;0.05681114042480262;-0.10880202126487859;0.10880202126487504;0.007817991361573684;0.0;0.0;-0.08075497467375281;0.0;0.07808635134670372;0.4043874938842441;0.0;0.0;0.0;0.4284781946579108;0.1715945117735267;-0.08446743046377048;-0.19899310077115895;0.0;-0.08075497467375281;-0.0951014936756216;-0.08075497467375281;0.0;0.08075497467375281;0.0;0.0;-0.08446743046377048;-0.0951014936756216;0.04089422970879633;0.27189511158820634;-0.3937314731624814;1.1313276502533987;-1.7824762902414082;-0.5877869624016775;-0.18146106688388686;-0.12118578271836067;-0.2937969174067598;0.0;0.0;0.0
5;SVR_sys;14.310643484594026;0.0;0.0;-1.094192968378444;0.0;-1.0721854833925502;0.0;-0.32322072349106695;0.0;0.0;-1.5798967748231314;0.0;0.045142297713647285;-0.975483434143886;-0.441285907211559;0.0;-1.5383472373010456;0.0;0.0;0.3354175164638411;0.0;0.0;0.0;0.0;-1.6212624459803961;0.0;0.0;0.0;0.5974389351280359;0.0;0.0;0.0;0.2080605046549271;0.0;0.0;0.0;0.0;0.0;0.0;0.0;0.0;0.0;0.0;-1.8520874424330498;-2.199664256367922;0.006255166185144824;1.4656260025808094;-0.2929968593850093;0.6539284896164743;1.090965500803831;2.1825408927940932;0.0;0.0;0.0;-0.029607821281036825;-1.7488878689548912;0.029607821281036825;-1.0086997518552736;-1.7488878689548912;0.0;0.6372881696359833;0.009857021279711232;0.0;-0.7082021861620856;0.10811818689386773;0.0;-0.05515873494649035;0.009857021279711232;0.3611637972761089;-0.4078623877407922;-0.03431439943940107;0.045142297713647285;0.0;0.0;0.0;2.7743492135700754;-0.5150749858213653;-1.0263243118353973;-1.1351119884522807;0.09291084443593604;0.694726484448064;0.8959261135791874;2.5157696630017816;0.0;0.0;0.0
6;SVR_sys;5.66346182018306;0.0;0.0;0.0;0.0;0.0;0.0;0.12279776894427863;0.490043553436561;0.3984009344020397;-1.0714956045360569;-0.5523450032876855;0.0;-0.37154542294841164;0.5536611457608065;1.0714956045360602;0.0;0.0;-0.3958945256110701;0.0;0.0;0.0;0.07504688065051268;0.0;-0.569579958681903;0.0;0.0;0.0;0.0;0.0;0.0;0.0;-0.03671266067291759;0.0;0.0;0.0;0.0;0.0;0.0;0.5663442400961881;1.1657341758564144e-15;0.0;0.0;0.1594923855902488;-0.4779818646052514;-0.3344329036771728;-0.5217968935775041;-0.9723546734094134;-0.9876658056793362;1.8032952892376137;0.440691280874056;0.0;0.0;0.0;0.0;0.0;-0.8908889245697132;0.0;0.0;0.0;-1.3446332179852916;-0.03440624186989738;-0.1634187437037311;0.29912306542993283;0.6142908353814422;-0.045352357316077896;0.7290733845300525;0.22905788869171573;0.37596002121250927;0.0;0.5001319516132312;0.10652662128529222;-0.08712956314101344;0.6221275958315043;0.5001319516132312;0.23706649320992434;-0.6146852159593313;-0.45799849705865026;0.022790056216446475;0.17018787674416072;-0.9296100757765784;1.1169731001352639;0.06716311920129892;0.9364125489610543;0.0;0.0
7;SVR_sys;12.515133958130177;0.0;0.0;0.0;0.0;0.0;0.0;0.0;0.0;1.411305572765431;0.0;-0.32278398518182416;1.4113055727654302;0.0049754218908586445;1.1147642239761728;-0.32278398518182416;0.0;0.0;0.0;0.0;0.0;0.0;0.0;0.37545053270209383;0.06275205412655227;0.0;0.0;0.0;0.0;0.0;1.0578327986132237;0.0;0.7656662552004518;0.0;0.0;0.0;0.0;0.0;0.0;0.0;0.0;0.0;0.0;0.06111483288373343;0.29652649616343707;-0.05296821262257634;-0.05296821262257634;0.0;-0.3280495630044862;0.0;0.5023251183439166;0.0;0.0;0.0;0.0;0.0;-0.060229293444678644;0.0;-0.7143720964228306;0.0;-0.8139773723036614;-0.1179610305060117;0.4627954432423538;0.281470387136316;-0.15075036083858584;0.0;-0.20824846421323384;0.02564190334681271;-0.13396876002612457;0.4375839492019;0.34751379733338017;0.34751379733338017;0.4375839492019;0.4375839492019004;0.34751379733338017;0.5016001025562131;-1.7111402135602063;-0.6461176301090179;-0.04208661497960853;-0.1729063550517682;0.22820321130203136;1.083715728629602;-0.07234280972177376;0.0;0.0;0.0
General;SVR_sys;7.428354386696911;1.702168235096929;-0.353247171354505;-0.7879890484344313;0.20605972137658093;0.3437313150136614;-0.31336287387374906;-0.13144555591105866;0.21683094026459493;1.921912651640021;0.7855895901635721;-1.8665571548936093;-0.638741086933325;1.1919820636264857;-0.4701419815204808;-0.9706748279849293;-3.859434835334306;0.12634460257660152;0.9327767193214775;-0.8073630972961652;-5.847383397517554;1.6000611833328904;1.2131672944666798;-1.1505198107631598;0.5051574607557112;-1.4128071567691087;0.8911476285593496;-2.434022190877415;-3.021076266045503;2.694894073420432;1.4873844099605222;-1.8329397550672155;-1.0861410229998825;-0.06408187387094139;0.9521765125866288;-0.06254664955695688;0.7792637764854922;0.9244668231611577;0.9244668231611577;-0.40341359228219664;0.0616754035799537;0.7792637764854922;0.7792637764854922;0.10118961861601505;-0.8904894583981067;-0.011492172290596514;0.574680656486593;-1.1117623754777632;0.03417788304753078;1.2097761142710872;-0.014904497737887823;-0.5189767823971039;-0.10652355768120447;-1.460147691459742;-2.448199169244133;-1.9484397069494603;-0.47756834665275916;-0.17943310088580944;-1.5725997439063901;0.9244668231611559;-0.4988190425655823;-0.08879855816263227;0.8131418908521377;0.673974202198659;0.5665075649729925;0.2525876794056088;0.22745564623114944;-0.29663650176816136;0.7183757859298545;-0.17234964294341992;-0.7229305780826953;0.4390998741439347;-0.6352525236062792;0.6188387451456112;-0.2701624332010093;0.025997549128573993;-0.4822049334392844;-0.4549712466183351;-0.6992281874830015;0.06549416175717937;0.2267354135847981;0.4675232429180376;-0.4508466019443027;0.22257696614119382;-1.663140216098789;3.702750827761556
1;BR_dia;8.08920480057682;0.0;0.0;0.0;0.0;0.0;0.0;-0.5922381146698901;0.0;0.0;0.0;0.0;0.0;0.0;-0.5922381146698974;0.07863728534478287;0.0;0.0;0.0;0.0;0.0;0.0;0.0;0.0;0.0;0.0;0.0;0.0;0.0;0.0;0.0;0.0;-0.7459505885535109;0.0;-0.40374507778588864;0.0;0.0;0.0;0.0;0.0;0.0;0.0;0.0;0.0;0.0;0.0577587244248865;0.05775872442488372;0.6303450770435648;0.08792544905773125;-0.1485194769915641;-1.4705673864965136;0.0;0.0;0.0;-0.3940403153285734;0.0;0.0;-0.7342414163822304;-0.394040315328573;6.653007110644768e-16;-2.0240409422518795;-0.4101089074229347;0.5776000922341933;0.19156108059132304;-0.28271986610197086;-0.09650764727368222;-0.321603553934777;0.2530325128824953;0.0;0.0;0.0;0.15003319386948025;-0.1085579899226834;0.0;0.4083494704200219;-0.9013460476161952;-0.9944476434187081;-0.36175648971849134;-0.745064913474621;-0.5211603057969867;-0.7068781009134131;-0.49424301966078943;0.294124366994735;0.0;0.0;0.0
2;BR_dia;6.328446208426802;0.0;0.0;0.0;0.0;0.0;0.0;-1.2430102790522114e-17;0.0;3.864995980992905e-17;4.278198541947319e-17;-8.134775386912244e-18;0.051850367252412606;6.091593687019105e-17;-0.06980854778773118;4.734579536073909e-18;0.0;0.0;0.0;0.0;0.0;0.0;0.0;0.0;0.0;0.05842821464906316;0.0;0.0;0.0;0.0;0.0;0.0;-0.0032107129171771963;-0.05082207108453038;0.0;-0.04304271644177536;0.0;0.0;0.0;0.0;0.06792422674482004;0.0;0.0;0.0230559212638702;-0.03126810744854222;0.0107059506200618;0.03879446218685429;-0.056399593487767775;-0.03671038215240917;0.07559459594983131;0.09804321800679487;0.0;0.0;0.0;0.0;0.0;0.09248336457138043;0.0;0.0;0.0;0.018261278938032553;-0.026340312189580762;0.03707295003344965;0.07082496817423943;0.0;0.06887371061610767;-0.06887371061610768;0.06399149647067262;0.07082496817423942;0.0;0.0;0.0;0.02634031218958074;0.03941151730241921;-5.700752635386218e-32;-0.07076494246081899;0.026493182090675152;-0.05958277727508277;-0.07319083234447425;0.05477320063571967;0.05084317276753565;0.06091384412082181;0.08610652342442025;0.0;0.0;0.0
3;BR_dia;11.217035302065643;0.0;0.0;0.0;0.0;0.0;0.0;-0.06650008715895778;0.03411111581307029;-0.016628055813330336;-0.03190133290740927;-0.051951410729322106;2.0624728391849336e-16;0.0;-0.05195141072932204;-0.003998409210764678;0.03411111581307022;0.0;0.0;0.0;0.0;-0.04675186827423717;0.0;0.0;0.15468797180607619;0.0;0.0;0.0;0.0;0.0;0.0;0.0;0.005635035150936336;-0.07837431293914084;-1.6481358637725848e-16;0.0;0.0;0.0;0.0;-0.16789085862197228;0.0;0.0;0.0;-7.81991576391873e-17;-5.597389610863588e-17;1.28904092860223e-17;6.880000336754233e-17;0.24012487183672548;0.1368236135138362;-0.1362466606302323;0.006800756451968615;-0.20209177298233777;-0.028514284534232805;0.055971341556354984;0.10541196258433658;-0.072991044878188;0.0;0.055971341556355;-0.0729910448781879;0.0;-0.21146240952125045;0.08860364975730087;3.823560675126087e-17;-0.05579779553893306;-0.03788378680538382;0.0;0.0008694440457038127;-0.03788378680538375;-0.03788378680538375;-0.06393977716373861;-0.08593994256242324;-2.0189885139665004e-17;0.0;-0.015398263839917131;0.03318234561177135;-0.12461236707472073;-0.2984332751699738;0.06130271174451553;-0.08957950269659956;-0.24452478393928243;-0.25231552193480516;-0.21975342407056758;-0.16240512785799202;0.0;0.0;0.0
4;BR_dia;4.512676943259243;0.0;0.024439721301242542;0.0;0.026471284491713327;-0.0009552608007692312;0.0;1.1506484571028098e-17;-3.5381700571143434e-17;0.0;0.01577663030264177;-0.03044206475586126;0.0;0.04563469285409936;0.0;-0.04563469285409939;6.090546641689322e-18;-0.05969125190438272;0.0;0.0;0.0;0.0;-0.04584737922970107;-1.317617604519241e-18;0.02019777509294022;0.0;0.020197775092940212;0.0;1.8501554717802664e-17;-2.160300813689363e-18;6.718035050568305e-18;0.0;-0.05415055174066008;0.0;0.0;0.0;0.0;0.0;0.0;0.0;0.03810007091266084;0.0;0.0;0.033318926354853284;0.029810701171908198;0.0349519164711955;0.016243210037283327;0.02328825924101406;0.02578718163993285;-0.025787181639932828;0.034180667394163144;0.0;0.0;0.05969125190438271;-1.570236539968591e-17;-0.011346623946675915;0.03810007091266081;0.0;-1.854705934693493e-17;0.0;-0.015975123475665386;-0.02960853222018246;-0.026815793075722537;0.03526596800353929;0.0;0.05969125190438272;0.0612286563207059;0.05969125190438268;0.0;-0.05969125190438271;-3.9655263164913055e-18;0.0;-0.02681579307572252;0.061228656320705885;-0.009071156028524313;-0.06024186461278764;-0.06477165987071395;-0.06486947310189634;-0.09592777911682195;-0.01682828052689223;-0.005588289098959301;-0.020473001658925655;0.019614150136019824;0.0;0.0;0.0
5;BR_dia;13.25722082077722;0.0;0.0;1.6673109383194062;0.0;-1.3813713662413765;0.0;0.0026770848805151015;0.0;0.0;1.0386743379015217;0.0;-1.0092091841662654;-0.08952567624657087;1.0557013748977446;0.0;0.8908925893147859;0.0;0.0;0.06735029088384548;0.0;0.0;0.0;0.0;0.28613910937822307;0.0;0.0;0.0;0.2820907815499929;0.0;0.0;0.0;0.8747924059249153;0.0;0.0;0.0;0.0;0.0;0.0;0.0;0.0;0.0;0.0;1.0211996041238613;1.0223931929092587;-0.3846973531671829;-0.466794458636802;-0.4313504900147742;-0.27876446001752164;-0.14854052487433167;-0.8855749678483767;0.0;0.0;0.0;0.7067875248423987;0.757515431929028;-0.7067875248423978;0.27729989996684845;0.7575154319290281;0.0;1.9926259345777255;-0.006098110019391756;0.0;0.650229828007332;-0.457680475198908;0.0;0.2667575713465733;-0.006098110019391534;0.21903259828527788;-0.5184482167907016;-0.8433215657783621;-1.0092091841662678;0.0;0.0;0.0;0.04604746639397561;0.06676504634854252;-1.08048960764526;-0.2044393430432313;0.2874466103503923;-0.11736980193171165;0.800237044254248;-0.6612839547986187;0.0;0.0;0.0
6;BR_dia;65.24429486511296;0.0;0.0;0.0;0.0;0.0;0.0;0.21366056012233672;0.3078273091705671;0.18656893708565492;0.396225885687826;0.2508984254001514;0.0;0.1518942361848743;-0.24438711403683422;-0.396225885687824;0.0;0.0;0.21619528386495868;0.0;0.0;0.0;-0.4016274469696204;0.0;-0.15639235285005748;0.0;3.1987397732219034e-16;0.0;0.0;3.226797300797367e-16;0.0;0.0;-0.08680226998353424;0.0;0.0;0.0;0.0;0.0;0.0;0.04273209880692137;0.16948618623260692;0.0;0.0;-0.30432498830598376;-0.38234559103384824;-0.1622316579664712;-0.2838793079497782;0.1246379020670389;-0.2909193466987736;0.09465866039984583;1.2805984391460485;0.0;0.0;0.0;0.0;0.0;-0.04281463619897763;0.0;0.0;0.0;0.1553117262344822;0.06661525155554382;0.12243299456944079;0.08296342305009263;0.42375183408936;0.3395952752750455;0.2274760165847276;0.1235922163140355;0.1996161013753195;0.0;0.25999626090879635;0.05158363637246932;-0.21575056125450076;0.22297297557291618;0.2599962609087968;-0.14076615181871777;-0.15910809741269383;0.32696271241349184;0.7723076576447689;-0.2103265763388612;-0.2326560801911538;-0.24127541483172332;-0.06677229321212957;0.25117663580524274;0.0;0.0
7;BR_dia;5.842152921367782;0.0;0.0;0.0;0.0;0.0;0.0;0.0;0.0;-0.0005634539697922685;0.0;0.0003671349459242133;-0.0005634539697922699;-0.0005797205609594278;0.00037980871069860975;0.00036713494592421344;0.0;0.0;0.0;0.0;0.0;0.0;0.0;0.0004228123142331212;0.0009695497496741455;0.0;0.0;0.0;0.0;0.0;-0.000377379071470609;0.0;-0.0006165302670755779;0.0;0.0;0.0;0.0;0.0;0.0;-2.2783246982633165e-19;-1.4177353142600258e-19;0.0;0.0;0.0008265823939131973;0.0009401770300931905;0.000696083558410085;0.0006960835584100852;0.0;-0.0009329558589132968;0.0;-0.0008076189469731366;0.0;0.0;0.0;0.0;0.0;-0.000893782387445738;0.0;-0.0011984940588622764;0.0;-0.0003246534003685717;0.00044170998686908074;0.0007238622387205346;0.0013152783380717212;0.00026445700562662434;0.0;0.0005482911677016736;-0.0017391373552891978;-0.0018124060870724102;-0.0009998120772430124;0.0010370630539324776;0.0010370630539324776;-0.0009998120772430126;-0.0009998120772430129;0.001037063053932478;0.0011011865690433336;-0.0004539078424900394;-0.0011332561477579524;-0.0007177252298136133;0.0001316871170072437;-1.7784371653319564e-05;0.00035455765001431427;-0.0006612775863699495;0.0;0.0;0.0
General;BR_dia;8.318938297714341;0.043065504510735764;0.14519379963512336;1.9235608347770194;0.44611316182196337;-0.29971655659891816;-3.086256154070952;-1.487389443423325;0.15718391552063338;-0.6748010721014737;0.7745242361115743;0.5268281900678602;-0.6354527850046736;0.5093220648092416;-0.27303268254200486;0.8506165997013397;2.6848026632920146;0.7857603563173416;-0.806674753628922;0.16686432022215314;2.6436066315960716;1.9679471804777933;-0.6199375399087046;0.8201143469796506;0.15530473628222374;2.1217012743853854;-0.45138843934763884;-2.2057372507956146;1.8584841759938087;-1.1897012474156625;-1.4442368209276388;-1.7503836035245968;0.5817568994227775;-0.5224061443835515;1.4372922697191832;0.1651888768391948;2.9582006426672933;-0.7041201113205631;-0.7041201113205773;-0.2595275740543883;-0.036805680538058994;2.958200642667151;2.958200642667265;1.4940216091899572;-2.696531322057936;-0.9094912496251624;-0.7132476790578082;1.5852305729962382;0.2794950004998995;-1.0217611310453805;0.11193948072210258;-0.16997042544677132;0.1073373588428812;1.890115803077137;3.442517842537356;1.3821979932718378;-1.1161002065770411;-1.5505370924876107;-0.037762177916341955;-0.7041201113206768;0.3891094979575298;-2.0858069181749066;2.157847685668205;2.4582956679386427;-1.2930178704315551;1.4782406155750518;-0.4683140306775204;-0.47137494166445126;1.0843189595243707;-1.6672439793531204;-2.1960131698633543;-0.7388744216680259;-1.2686577085907231;0.3474051068641515;2.805360509289887;-0.20679155508887703;-1.274865315808869;-0.9302823420407162;0.9002645286419675;-0.5161649976480174;-0.7844009496856408;0.6800607058483124;-0.4625060443970428;-0.3012964582381521;0.9354247776957223;-2.7876593476455085
1;BR_sys;4.674805294096618;0.0;0.0;0.0;0.0;0.0;0.0;-0.0831716028174497;0.0;0.0;0.0;0.0;0.0;0.0;-0.08317160281745055;0.012081714656026282;0.0;0.0;0.0;0.0;0.0;0.0;0.0;0.0;0.0;0.0;0.0;0.0;0.0;0.0;0.0;0.0;-0.10049019061551534;0.0;0.032365760763428814;0.0;0.0;0.0;0.0;0.0;0.0;0.0;0.0;0.0;0.0;-0.013485213891865189;-0.013485213891866202;0.22895802282133954;0.03152039632137277;-0.033410074065963774;0.0633164850605827;0.0;0.0;0.0;-0.10016895431443362;0.0;0.0;-0.22568592997624193;-0.10016895431443434;-4.3380671617967606e-17;-1.491602562969096;-0.11280914433983984;0.18933418639468064;0.12643439168445003;-0.05698249047270354;-0.01616647434417584;-0.12931669197902101;0.02235858323833212;0.0;0.0;0.0;0.07139311070783688;0.03089756276955353;0.0;0.1910772172216595;-0.468228258580717;-0.516789314918981;-0.7166491049826964;0.07220846343107823;-0.18109432559293792;-0.11815888325994968;-0.19348063008416316;-0.19182694205891124;0.0;0.0;0.0
2;BR_sys;3.3040839798087296;0.0;0.0;0.0;0.0;0.0;0.0;5.304977419271906e-16;0.0;-5.083507530417672e-17;1.5294318642958058e-16;-1.8129406736171102e-16;0.0021665952009146602;1.3487087885089235e-16;-0.13957778356993972;-1.7666728199831722e-16;0.0;0.0;0.0;0.0;0.0;0.0;0.0;0.0;0.0;0.16443082968379136;0.0;0.0;0.0;0.0;0.0;0.0;-0.17625853961608304;0.04002704210205692;0.0;-0.19964537631776524;0.0;0.0;0.0;0.0;-0.08267952686523736;0.0;0.0;0.10022999435083255;0.05980738811963729;-0.008378918495508321;0.051241021110090545;-0.01650095070347667;-0.13814652347589546;-0.023103838984718218;-0.32525935654530924;0.0;0.0;0.0;0.0;0.0;0.09887064630425925;0.0;0.0;0.0;-0.16846078408173645;0.059497855180769554;0.1760645286651147;0.09747909655271299;0.0;0.0985428154643602;-0.09854281546436015;0.29354568289705707;0.09747909655271308;0.0;0.0;0.0;-0.059497855180769804;0.17478966968004941;2.465190328815662e-32;-0.206091404030671;0.10533034661675134;-0.15324415564852722;0.005193526198713445;0.20324687093781713;0.20706804516507935;0.19556294424421;0.4347465391792062;0.0;0.0;0.0
3;BR_sys;7.576291072400588;0.0;0.0;0.0;0.0;0.0;0.0;-0.0031354723961057943;-0.015220006265646097;0.12066296204965613;-0.19015400316172654;-0.16899729459453883;8.791535686331265e-17;0.0;-0.16899729459453872;-0.13491391807997527;-0.01522000626564609;0.0;0.0;0.0;0.0;-0.021502860130804755;0.0;0.0;-0.004569696625419011;0.0;0.0;0.0;0.0;0.0;0.0;0.0;-0.07821631787404786;0.059810646018623556;-2.5884551582417325e-16;0.0;0.0;0.0;0.0;-0.27374121391919154;0.0;0.0;0.0;-3.953383119105223e-17;3.543370652000011e-18;3.603691451478952e-17;1.4324081916744457e-16;0.026874462041854126;0.1255637516783564;-0.007034267869696631;-0.06466451104135615;-0.2242227326239895;0.1136905357542156;-0.013106418637625253;-0.1626413987915692;0.023236624035193502;0.0;-0.013106418637625083;0.023236624035193523;0.0;-0.504916025469265;-0.052546017096253866;1.4803033099611394e-16;0.04393075457266149;-0.03232006616443374;0.0;0.012289526744661189;-0.032320066164433586;-0.032320066164433614;-0.017885855205955745;-0.09833303550630546;-1.3047972838079781e-17;0.0;0.09781112960029342;-0.011665179062153839;-0.21878931036381558;-0.3325463996759584;0.01880061050072132;0.0381252732007433;-0.27203812291487667;-0.261814768071295;-0.25185766587730596;-0.29306084991372716;0.0;0.0;0.0
4;BR_sys;4.171486036996382;0.0;0.0066123907681365154;0.0;0.02249038488665558;-0.021862914091246168;0.0;-5.156437559048221e-18;6.69313327538598e-18;0.0;-0.004296191845407538;-0.026551153282496458;0.0;0.02032421052015889;0.0;-0.02032421052015892;-2.4783116164538e-18;-0.02282137986961327;0.0;0.0;0.0;0.0;-0.030269217109668553;-8.696201068154556e-18;0.019511386379129008;0.0;0.01951138637912901;0.0;4.5054382780339635e-18;1.1377145338627776e-17;-1.7259581250201912e-18;0.0;-0.035745943556628273;0.0;0.0;0.0;0.0;0.0;0.0;0.0;0.026592884539377193;0.0;0.0;0.00883599884485739;0.016960801114152317;0.01952638009797687;0.01224951711219306;0.005437650331051723;0.011318931836590353;-0.011318931836590345;-0.001412550191413372;0.0;0.0;0.022821379869613294;-5.680493932129504e-18;0.011560914134078986;0.026592884539377193;0.0;1.108720439898972e-18;0.0;0.009681299004938167;-0.023495365789753458;0.0009240996668156318;0.0219445786458384;0.0;0.0228213798696133;0.019398366871809743;0.022821379869613308;0.0;-0.022821379869613294;-9.13397648821906e-20;0.0;0.0009240996668156368;0.019398366871809743;0.005890413434971684;0.006420728534412198;-0.038274350260381104;0.016925995808298913;-0.027572234154817327;-0.03867392462141204;-0.039531890228118496;-0.03189460856161303;-0.025153131615406173;0.0;0.0;0.0
5;BR_sys;13.506001433204252;0.0;0.0;-0.15106064011449544;0.0;0.14775202268233417;0.0;-0.11555500355744128;0.0;0.0;-0.06790754325566738;0.0;0.0005738125649071349;0.007612941026141711;-0.1415328656429751;0.0;-0.12449028987824383;0.0;0.0;-0.062104152303881985;0.0;0.0;0.0;0.0;-0.011169703836538314;0.0;0.0;0.0;-0.11708065622881328;0.0;0.0;0.0;-0.030798461498707092;0.0;0.0;0.0;0.0;0.0;0.0;0.0;0.0;0.0;0.0;-0.15310158784732456;-0.13999566375658865;0.10760999028934706;0.006400082630236829;0.09607891570723004;0.02586099581843538;-0.04201734063989039;0.20247293570030608;0.0;0.0;0.0;-0.0578476594820566;-0.09502915369988377;0.05784765948205657;-0.0574807418917221;-0.0950291536998837;0.0;-0.19578841286813578;-0.08729632852477748;0.0;-0.10618939322047447;-0.019701358833763633;0.0;-0.06977180673301225;-0.0872963285247775;-0.04941019142026717;-0.014052832358965029;0.01688597870844841;0.0005738125649070377;0.0;0.0;0.0;-0.02389598623782215;0.09155406386929305;-0.07366015530592421;-0.13433539410234996;0.1468645157222393;0.16444865318294702;0.13433988188802432;0.22376530662272182;0.0;0.0;0.0
6;BR_sys;38.15494653916116;0.0;0.0;0.0;0.0;0.0;0.0;-0.13035511092640056;0.26944338853423166;0.3113683548212727;0.098499953672889;0.1565878347793166;0.0;0.09332585128749016;0.07026391140153315;-0.09849995367288944;0.0;0.0;-0.025892236588366868;0.0;0.0;0.0;-0.12081586255275967;0.0;-0.27019555059042033;0.0;-2.396684927681276e-16;0.0;0.0;-1.488929358927882e-17;0.0;0.0;-0.14137493734215956;0.0;0.0;0.0;0.0;0.0;0.0;-0.07922784874079902;-0.0657962821987681;0.0;0.0;-0.040684689385382056;-0.11960337318504;-0.25439542041811714;-0.1957973569224581;-0.044221375928006235;-0.1459824613562361;0.3355489367766117;0.2112097248549588;0.0;0.0;0.0;0.0;0.0;-0.11048858273017925;0.0;0.0;0.0;-0.4174489250274899;0.12997103641106422;0.012138857746258114;0.16230006382800766;0.38658990533443083;0.27417491918787373;0.1719479732576925;0.14707473115156144;0.12835409228192585;0.0;-0.02287313738433197;-0.13728356452141421;-0.24254540813694447;0.16064196322199809;-0.022873137384332026;-0.038325342530722395;0.02550951680900826;-0.07521277087356815;0.41469637159699724;0.08531424862000189;0.0484482068827698;0.0999550452067072;0.047821798345878436;0.11662441153450676;0.0;0.0
7;BR_sys;12.12120376544431;0.0;0.0;0.0;0.0;0.0;0.0;0.0;0.0;0.01716699778190778;0.0;0.06704122217726971;0.01716699778190762;-0.0059206455827947365;0.08801456127558974;0.06704122217726971;0.0;0.0;0.0;0.0;0.0;0.0;0.0;-0.016032927496440336;0.09328267427516086;0.0;0.0;0.0;0.0;0.0;0.09209129268834246;0.0;-0.09919813347317352;0.0;0.0;0.0;0.0;0.0;0.0;1.9099921154030566e-17;-9.279823488726323e-17;0.0;0.0;0.031944135315766405;0.0818942063255791;0.005941530678341363;0.005941530678341349;0.0;-0.08804877575240629;0.0;0.09012181602885644;0.0;0.0;0.0;0.0;0.0;-0.08236453354202086;0.0;0.010763047380074796;0.0;0.021929910619897647;-0.06614577198048485;0.03950651020345657;0.07707416612394599;0.04451455077980967;0.0;-0.08235266118827951;-0.03719828186349373;0.00375479366836122;0.053316601225050914;0.08627649124798813;0.08627649124798818;0.053316601225050955;0.053316601225050914;0.08627649124798817;0.07120501775403972;-0.05847467015231554;-0.04752157499282386;-0.09868282893256575;-0.004764885093514984;-0.01697448125807116;0.012791072955146615;0.02108383406417121;0.0;0.0;0.0
General;BR_sys;7.669128430263983;1.5644607260347598;-0.32295570867848056;-0.875658512379338;0.06489504171783222;0.4030194968448857;0.23537475127217533;0.5672566477949275;0.9717951441826997;1.3018751020496815;-0.3625637202751406;-1.0555903776586604;-0.48020737968828797;0.7821416508436361;-0.3658725143976893;-0.7955915056940057;-1.610095921655379;0.520371806580469;0.6285307890891545;0.6030942404296233;-3.3595880747045044;1.4437352788601743;0.7135695307227845;-2.0897335919615188;0.401971382166586;-2.251244814109427;0.532770136360142;-1.8084912408247273;-1.6510942243335016;1.6053994258046487;2.0830536231528853;-0.8493294372433269;-1.7199589158881192;0.2526581743923437;0.1912290693211851;-0.21206799724124803;0.28677248891989393;0.2075002937578052;0.2075002937577981;-0.6124560134554846;-0.05428025034909156;0.28677248891989393;0.2867724889198904;-0.823292430200727;-1.5832284830065575;0.24401682344454478;0.5150280596386914;-0.15991440612443197;-0.4929600715172109;0.5850553839079708;0.7426713323954934;0.0910825343338395;0.5874909204425371;-0.6724181420744841;-1.578871717190495;-1.8376424826724076;-0.5346061376650155;-0.2537675927398766;-1.5880720610030679;0.20750029375776435;-1.142336580281806;-0.2651371617462104;-0.21692572809819488;-0.10824837597565207;0.22674643315916754;-0.1360062260125332;0.6767171568204162;0.15938613070183294;0.6393006633015226;-0.8864895434484126;-0.36575302736626725;0.36700099673767284;-0.34891148750789114;0.1397721969226069;-0.33813711924976886;-0.1515312997112872;0.09079939707065598;-0.20136580852101726;-0.9000151731934292;0.13415259731185714;0.07411763705708818;0.0641930928240555;0.09157424347625276;-0.1516512754325987;-0.9188494518102623;1.746475194709614
1;LR_dia;7.510720180063312;0.0;0.0;0.0;0.0;0.0;0.0;-2.348028781191932;0.0;0.0;0.0;0.0;0.0;0.0;-2.3480287811919274;2.1006183281803623;0.0;0.0;0.0;0.0;0.0;0.0;0.0;0.0;0.0;0.0;0.0;0.0;0.0;0.0;0.0;0.0;-9.973156600545364;0.0;4.616090700178873;0.0;0.0;0.0;0.0;0.0;0.0;0.0;0.0;0.0;0.0;0.20502938143507948;0.2050293814350785;-0.13338165190610662;-0.17018806199945988;0.10369714842931814;-2.8328883228268555;0.0;0.0;0.0;0.011158033276146468;0.0;0.0;-2.320664921705193;0.011158033276130037;2.042810365310288e-14;-3.7153285761366828;-0.9449947350466668;0.8901171527670118;-1.3180111110643757;-1.4172829742762414;0.3605701468365908;-1.1390963679689505;-0.48071321354832286;0.0;0.0;0.0;-0.09033208248947824;0.3418441649228428;0.0;-0.6666017194224146;-0.8973180538898234;6.729296451744261;-5.594051270949107;-1.5542449826786648;-12.35753115734637;-3.789161785896131;4.020599683095243;3.5590964721453644;0.0;0.0;0.0
2;LR_dia;178760487238882.56;0.0;0.0;0.0;0.0;0.0;0.0;389599449486174.6;0.0;-1.7541523789077473e-14;2.4868995751603507e-14;-1.4832579608992091e-13;-17.257997969565988;-2.398081733190338e-14;-11.761852690029881;-6.306066779870889e-14;0.0;0.0;0.0;0.0;0.0;0.0;0.0;0.0;0.0;4.699035600198223;0.0;0.0;0.0;0.0;0.0;0.0;26.503165651922714;7.804210313092115;0.0;0.11336721387838287;0.0;0.0;0.0;0.0;0.3392992127592364;0.0;0.0;2.612526279869189;4.009495899416954;-1.2151521077471226;0.27587025959350253;0.921336043188411;-4.4256551746962325;-1.341303374962725;-3.2737323331321693;0.0;0.0;0.0;0.0;0.0;-2.014052542799481;0.0;0.0;0.0;-0.8100355525441404;3.0593453306680742;-1.3714636695314544;4.97147536259125;0.0;0.8210170745733418;-0.8210170745732825;1.8668940633125424;4.971475362591273;0.0;0.0;0.0;-3.059345330667877;3.6028288645993296;0.0;0.7128115680749949;-17.527322656781095;8.380072490170264;-5.202600986056993;-6.523350701926624;2.1331963232284936;26.00818547778846;-0.9359005606424197;0.0;0.0;0.0
3;LR_dia;82221092929361.4;0.0;0.0;0.0;0.0;0.0;0.0;249685234779939.78;84251549117023.53;-182930383496949.44;7.9296875;-75209551001637.52;-0.296875;0.0;-75209551001637.62;3.890625;84251549117023.44;0.0;0.0;0.0;0.0;-4.283203125;0.0;0.0;-1.6328125;0.0;0.0;0.0;0.0;0.0;0.0;0.0;-17.796875;-0.0625;0.015625;0.0;0.0;0.0;0.0;-2.03515625;0.0;0.0;0.0;0.02734375;0.00390625;0.015625;0.013671875;0.0390625;1.83984375;-11.80859375;-0.46484375;-1.64453125;1.197265625;2.484375;-2.66015625;-3.17578125;0.0;2.484375;-3.17578125;0.0;-2.6015625;1.7578125;0.0;0.1640625;0.0234375;0.0;1.537109375;0.0234375;0.0234375;-4.765625;-3.24609375;0.0;0.0;3.4775390625;-1.9921875;-3.8046875;-7.9921875;1.654296875;0.46484375;-10.263671875;2.99853515625;12.91064453125;-1.640625;0.0;0.0;0.0
4;LR_dia;5.682391657031084;0.0;0.5219090037470291;0.0;-1.3039549123512684;0.31635488200794104;0.0;-7.549516567451064e-15;4.218847493575595e-15;0.0;-0.7034847436497271;-0.3470706049870541;0.0;-0.43260982607855725;0.0;0.43260982607855225;4.052314039881821e-15;-0.05959758762243941;0.0;0.0;0.0;0.0;-2.00504433109416;6.661338147750939e-16;0.3201818957457486;0.0;0.3201818957457562;0.0;-4.440892098500626e-16;-2.220446049250313e-15;1.7763568394002505e-15;0.0;-0.19290724338246368;0.0;0.0;0.0;0.0;0.0;0.0;0.0;0.10912733849111594;0.0;0.0;0.17280407124306893;-0.16915684943497708;-0.011031828044680475;0.0002444071026426742;-0.04039960184623562;0.17514739266154605;-0.17514739266154877;0.6243436843521828;0.0;0.0;0.05959758762243736;0.0;-0.36794164995775885;0.10912733849111572;0.0;0.0;0.0;-0.5542138680849611;0.39337203766180495;-0.41500870404532036;0.03200209873366837;0.0;0.05959758762243736;0.4704453979367187;0.05959758762243736;0.0;-0.05959758762243736;0.0;0.0;-0.41500870404532036;0.4704453979367187;-0.9641201647842148;-0.971736839852805;-1.717744006296411;0.22114698729162807;-2.942453182282031;-2.3223430087061625;2.402735807878737;0.28480938821913754;0.9952220667811316;0.0;0.0;0.0
5;LR_dia;13.849020120907625;0.0;0.0;3.4945606246656644;0.0;-2.7336599259982988;0.0;-0.9162872412851758;0.0;0.0;3.680182413128781;0.0;-2.3177523508987554;1.217591626448441;1.2994954888987857;0.0;2.6250434233638136;0.0;0.0;-1.7540400650286618;0.0;0.0;0.0;0.0;5.245682612389997;0.0;0.0;0.0;-0.019563513356836818;0.0;0.0;0.0;4.4654535312585635;0.0;0.0;0.0;0.0;0.0;0.0;0.0;0.0;0.0;0.0;2.514966988008939;3.015021106396179;-0.8349722727185728;-0.614321361215541;0.7963508871318562;-0.6072323421292181;-0.36636031247150463;-1.3052661820963336;0.0;0.0;0.0;1.4154939899844734;1.4653311323952838;-1.4154939899844659;2.7390697666902404;1.4653311323952514;0.0;4.038537765581886;-1.9010697874114806;0.0;2.2216463282494545;-3.15414460854704;0.0;0.10278148831207004;-1.901069787411494;-2.1582999354134835;-0.26120034575617596;-0.20828416698632543;-2.3177523508988407;0.0;0.0;0.0;0.1908561343583279;18.527550405260268;-16.203179997064982;-1.8815302711879076;44.11136080524665;-58.21012939016086;-14.425879268330364;4.298082468225867;0.0;0.0;0.0
6;LR_dia;1770802775917.157;0.0;0.0;0.0;0.0;0.0;0.0;18889531294277.67;-32836165096145.207;33543813418267.773;1730165646245.792;9739726340134.607;0.0;-15700791651044.402;6613311801414.248;-1730165646245.7012;0.0;0.0;-2.3301277593850194;0.0;0.0;0.0;-3.3056440393190347;0.0;3.2525593988585815;0.0;-0.00390625;0.0;0.0;0.001953125;0.0;0.0;15.407600475951982;0.0;0.0;0.0;0.0;0.0;0.0;0.994929940068045;1.8980627846673095;0.0;0.0;-2.1196315733045195;-3.9492084670198726;1.9389813052259484;-3.157821347735367;-2.664555648469137;-2.221227589344208;-0.033408130060818844;4.4987946733434745;0.0;0.0;0.0;0.0;0.0;-3.6637744997041795;0.0;0.0;0.0;-0.8427380989975045;-2.739355430235469;0.8049867284901612;0.16987168305159517;4.726755836861746;-0.837533261679916;2.6635749378157114;-0.9290431805125259;-0.24409880758479247;0.0;1.9350003259229458;1.9808570595937238;1.383249499793091;1.6639030143412998;1.9350003259229458;0.7222802057201139;-14.365555098121074;9.391404442213876;0.32193929726939075;52.060020522104516;-20.041060374789176;-11.71661795425304;-3.21328075958458;5.83648094427752;0.0;0.0
7;LR_dia;7.732986034778104;0.0;0.0;0.0;0.0;0.0;0.0;0.0;0.0;-110945839223319.84;0.0;-15227245647771.65;78866326227863.14;32627920464224.46;31649235745526.188;-15227245647771.707;0.0;0.0;0.0;0.0;0.0;0.0;0.0;0.6076993491967132;1.0002900686406264;0.0;0.0;0.0;0.0;0.0;-3.2949118606943326;0.0;-5.125865141249442;0.0;0.0;0.0;0.0;0.0;0.0;0.0;-0.0078125;0.0;0.0;-0.2837674646228746;0.9128118364471707;-0.7935500075455711;-0.8091750075455711;0.0;-1.1185066876812195;0.0;-0.7211598420531249;0.0;0.0;0.0;0.0;0.0;-0.5575086637436365;0.0;0.33695888106537736;0.0;-0.3024876757809668;0.5047650859968635;1.0620075974104322;0.6735472710748202;-1.5842068298051284;0.0;1.3881769928603886;0.3221387774433128;-1.350249286853746;0.006875723278278139;-0.30543431195165477;-0.30543431195165477;0.006875723278278139;-0.016073495471721863;-0.30543431195165477;0.2703499713590048;-1.3896891971387284;-1.5869092058081722;-0.48392714115026525;-7.658060508321635;-0.8562226727505167;8.81046153207153;-0.9638411003289451;0.0;0.0;0.0
General;LR_dia;9.420947826977626;20675834858275.04;0.10546875;2.0732421875;0.4677734375;-0.64453125;3418576471230.0977;-1.591796875;1.5244140625;-0.53955078125;-3.06884765625;3.054931640625;-6.27197265625;1.406494140625;-2.04022216796875;0.59765625;13.31329345703125;2.4888916015625;-1.087890625;1.56927490234375;15652280237001.184;2.49072265625;-1.282958984375;-0.63323974609375;2.3004150390625;0.5965576171875;-3.24755859375;7171417346148.257;-0.03564453125;-16.965576171875;-0.287109375;-2924683074115.217;0.849365234375;-0.44189453125;1.1121826171875;0.083984375;1980048446684.4805;3493276856636.5786;3493276856636.5356;-0.52587890625;0.07000732421875;1980048446684.5337;1980048446684.539;3.9019775390625;-1.5908203125;-1.2144775390625;-0.57958984375;1.348876953125;-0.070556640625;0.0904541015625;-0.112548828125;0.695068359375;1.137451171875;13.4189453125;1.9578857421875;3.09033203125;-0.59619140625;-10.00830078125;1.83538818359375;3493276856636.5327;0.3807373046875;-2.9017333984375;-0.0286865234375;1.15234375;0.23199462890625;3.728118896484375;-0.105224609375;0.25079345703125;2.962646484375;0.8896484375;-7.31768798828125;-1.7601318359375;-0.43585205078125;-1.64501953125;4.60992431640625;-0.239013671875;-1.42864990234375;-0.8226318359375;0.2342529296875;-5.834228515625;2.03955078125;3.4530029296875;-0.42828369140625;24.319580078125;-6981546365637.269;9254253212002.965
1;LR_sys;4.142444781997143;0.0;0.0;0.0;0.0;0.0;0.0;-1.2519949049136252;0.0;0.0;0.0;0.0;0.0;0.0;-1.2519949049136205;0.522226283013641;0.0;0.0;0.0;0.0;0.0;0.0;0.0;0.0;0.0;0.0;0.0;0.0;0.0;0.0;0.0;0.0;-2.8282270800562745;0.0;3.438602908905533;0.0;0.0;0.0;0.0;0.0;0.0;0.0;0.0;0.0;0.0;-0.27781555468440866;-0.2778155546844119;0.2829844977483538;-0.04133877888516973;0.2152235319279112;0.5260339035514151;0.0;0.0;0.0;0.8155693163896336;0.0;0.0;-2.6346184251989837;0.8155693163896097;2.398081733190338e-14;-3.06388654632507;-0.4886493724687057;0.676139461812436;0.13571914990907263;-0.3876272360863493;0.05573258937089721;-0.6699712450799816;-0.2149400959158151;0.0;0.0;0.0;0.16681947073682216;0.29716369630529466;0.0;0.4125598474160384;-0.30261909330702785;8.706164773772233;-8.039388826561911;-0.6308516032944248;-23.80081356315033;3.302003574564335;5.680594681716276;3.4773344965725035;0.0;0.0;0.0
2;LR_sys;25342581632691.59;0.0;0.0;0.0;0.0;0.0;0.0;-55232876152662.67;0.0;1.6486811915683575e-14;3.597122599785507e-14;1.1046719095020308e-14;4.552785102058034;-1.9317880628477724e-14;1.2667774283165576;3.375077994860476e-14;0.0;0.0;0.0;0.0;0.0;0.0;0.0;0.0;0.0;-2.17240740818469;0.0;0.0;0.0;0.0;0.0;0.0;-9.52861141358511;-1.3446629660957339;0.0;-0.9074167277230327;0.0;0.0;0.0;0.0;-0.17926047134662734;0.0;0.0;0.8314158268698906;0.6366342987064187;0.40777603676539226;0.4299158830761602;0.11724239671864149;-0.3600867223726369;0.5042277019884385;-0.8331391365362404;0.0;0.0;0.0;0.0;0.0;1.5258943523571789;0.0;0.0;0.0;0.22171316582204822;-1.9937777832017602;1.2774620534859598;-1.222417517838932;0.0;0.40245813501503097;-0.4024581350150333;0.5082902568018628;-1.2224175178389278;0.0;0.0;0.0;1.9937777832017096;-0.6699389967105072;0.0;-0.37346235488246776;-6.9090504256228;3.286534697019829;1.0302337751281994;-0.8626807629815934;5.564658908685966;6.02459930305244;-0.7348678712161294;0.0;0.0;0.0
3;LR_sys;126943620537755.1;0.0;0.0;0.0;0.0;0.0;0.0;385496550440927.0;130078502970114.97;-282431725973146.6;2.578125;-116118289881635.9;-0.375;0.0;-116118289881636.0;-1.3125;130078502970114.89;0.0;0.0;0.0;0.0;-4.3828125;0.0;0.0;0.484375;0.0;0.0;0.0;0.0;0.0;0.0;0.0;-8.984375;0.24609375;0.0390625;0.0;0.0;0.0;0.0;-1.390625;0.0;0.0;0.0;0.02734375;0.0078125;0.0078125;0.02734375;-0.1640625;1.3125;-4.7421875;-1.642578125;-0.5;0.50390625;2.779296875;-7.0546875;-3.751953125;0.0;2.77734375;-3.751953125;0.0;-3.0625;1.09375;0.0;1.4765625;1.33203125;0.0;2.609375;1.33203125;1.33203125;-2.046875;-2.64453125;0.0;0.0;2.787109375;-0.1328125;-4.0;-12.17578125;5.44140625;2.01171875;7.1318359375;4.3583984375;2.8642578125;-3.5390625;0.0;0.0;0.0
4;LR_sys;5.619640368086921;0.0;-0.2583024775271416;0.0;0.06280041218096244;-0.5425653937748486;0.0;6.00908212078366e-15;-2.1316282072803006e-14;0.0;-0.7010706241858222;-0.3580133727874375;0.0;-0.41971925427258633;0.0;0.41971925427254886;7.993605777301127e-15;0.27760534227008477;0.0;0.0;0.0;0.0;-1.000528375217264;-1.1879386363489175e-14;0.023420709929572903;0.0;0.02342070992958889;0.0;6.217248937900877e-15;4.440892098500626e-15;8.881784197001252e-16;0.0;-4.3492044289512695;0.0;0.0;0.0;0.0;0.0;0.0;0.0;0.1428303006091324;0.0;0.0;0.25926196422099346;-0.7291380116834357;-0.6784294355810292;-0.5580198039607615;0.11085863937525053;-0.11505073559013368;0.11505073559014026;0.4362468901370745;0.0;0.0;-0.2776053422700644;0.0;-0.09634303965916535;0.14283030060912796;0.0;0.0;0.0;-0.7800570948525368;0.4421684921628243;-0.15477685390211848;-0.23170192957116742;0.0;-0.2776053422700644;-0.05081163187756285;-0.2776053422700644;0.0;0.2776053422700644;0.0;0.0;-0.15477685390211848;-0.05081163187756285;-0.503681518012111;-0.13028427301259218;4.791098539993266;-1.7813629375040367;-2.2083969301377326;-6.830666516716021;-2.683630023162107;1.1882620445125547;1.918979373394326;0.0;0.0;0.0
5;LR_sys;12.384955995102668;0.0;0.0;-2.9052983032396758;0.0;2.34727279418913;0.0;0.21327934523248424;0.0;0.0;-1.9917814495690018;0.0;1.3628688487880831;-0.425501324377576;-1.1611220543893463;0.0;-1.582992164737232;0.0;0.0;3.584912450130621;0.0;0.0;0.0;0.0;-1.4065351469168312;0.0;0.0;0.0;-5.354225008748799;0.0;0.0;0.0;2.558239675641548;0.0;0.0;0.0;0.0;0.0;0.0;0.0;0.0;0.0;0.0;-2.993157827948232;-3.188959817251313;-1.2992490457958346;2.6643895492789227;-0.5755475765454197;-1.2515023087779453;1.990906472896231;1.2386695759592339;0.0;0.0;0.0;-0.04382608750821167;-2.478781192348872;0.043826087508211556;1.7088597503160032;-2.4787811923488126;0.0;-2.8104449603732595;0.5376846543853238;0.0;-0.0037691838108050257;1.8564929830460384;0.0;-0.6031624450455988;0.5376846543853508;-0.11995708150682713;1.5058673149667097;0.12098249126930193;1.3628688487881948;0.0;0.0;0.0;1.3798562503541345;6.04528588226142;-2.0283888195965787;-0.5684263361497526;-101.89819501499316;65.37835540567332;31.859715635965227;5.991325786800163;0.0;0.0;0.0
6;LR_sys;4089003491736.172;0.0;0.0;0.0;0.0;0.0;0.0;-43618273290608.2;75822782506687.45;-77456830351861.95;-3995167313585.343;-22490237510994.387;0.0;36255077505368.74;-15270958131059.549;3995167313585.13;0.0;0.0;0.7468270289756254;0.0;0.0;0.0;2.479755830877983;0.0;0.9282263757016105;0.0;0.005859375;0.0;0.0;-0.005859375;0.0;0.0;4.118651400524626;0.0;0.0;0.0;0.0;0.0;0.0;0.3010731011692137;0.2657315403598586;0.0;0.0;-0.6848549933739719;-1.8761466187454912;0.8509577463435466;-0.8224866322281885;-1.3521649656727763;-2.3303479749060685;1.5273822870020546;1.2981427056569628;0.0;0.0;0.0;0.0;0.0;-1.808707889863486;0.0;0.0;0.0;-1.832896315244516;-0.991603269518286;-0.39554417768085487;0.965351427437111;3.0488136835424005;-0.5536388956952918;2.0302418652744363;0.04470013891071894;0.25613066574528665;0.0;0.49574795734798704;0.1589686119650816;0.25037215986727623;1.5516195442905656;0.49574795734798704;-0.13269408667726795;-12.60693566285023;8.23894886611337;1.09502888065365;26.17111397254122;-11.21314699860426;4.967252334165147;-2.8778308632340086;3.078597137909642;0.0;0.0
7;LR_sys;12.498673428454651;0.0;0.0;0.0;0.0;0.0;0.0;0.0;0.0;-88865377011875.61;0.0;-12196716297021.59;63170334848463.26;26134305472515.094;25350398774331.734;-12196716297021.635;0.0;0.0;0.0;0.0;0.0;0.0;0.0;-1.0425327539233855;2.415307669141084;0.0;0.0;0.0;0.0;0.0;1.4034480349351937;0.0;1.5720770496388334;0.0;0.0;0.0;0.0;0.0;0.0;0.0;-0.0078125;0.0;0.0;0.05873951028239565;0.03625678548839056;0.06966480754655949;0.057946057546559494;0.0;-0.05514106493389145;0.0;0.6653149552609388;0.0;0.0;0.0;0.0;0.0;-0.603576343235043;0.0;-0.4379085821755099;0.0;-0.5887838871571986;0.07855191986354526;0.37004756874408207;0.02805159949291424;0.03293402137908987;0.0;-0.3278216612285817;-0.18470755263425828;-0.19043931263448383;0.33824089206939545;0.5226057403077244;0.5226057403077244;0.33824089206939545;0.31919792331939545;0.5226057403077244;0.45480239306227993;-6.264440394911175;2.4715478368000445;-0.8875021906504543;3.0956802873686033;0.17484653185971155;5.085103249225555;-1.0864115279779942;0.0;0.0;0.0
General;LR_sys;8.108156509612826;92316358103856.89;-0.28125;-1.03515625;0.095703125;0.65625;15263738169966.766;0.546875;-0.45703125;4.302734375;1.177734375;-4.15234375;2.091796875;1.4638671875;-0.3671875;-0.15625;-4.865478515625;1.14013671875;-0.1796875;0.56982421875;69886489102074.695;-2.177734375;0.31640625;-0.674072265625;1.578125;0.60986328125;0.35546875;32019946782275.387;-2.330078125;3.552734375;0.8125;-13058533880708.805;-2.0947265625;0.4716796875;1.30859375;0.0849609375;8840797129577.975;15597270894417.715;15597270894417.53;-0.519775390625;-0.03955078125;8840797129578.209;8840797129578.234;0.068359375;-4.7578125;-0.2490234375;-0.185546875;-0.85546875;-0.0546875;1.44921875;0.9912109375;0.2666015625;0.5703125;0.86767578125;-2.1953125;-7.8359375;0.658203125;-0.453125;-0.729248046875;15597270894417.498;-1.171875;1.265625;4.986328125;1.828125;-0.36572265625;-1.26171875;2.720703125;-2.936767578125;0.09375;-1.8515625;3.43212890625;-0.5849609375;0.09912109375;1.64990234375;-1.83154296875;-0.211669921875;-2.562255859375;1.294921875;-1.27880859375;2.29443359375;0.8505859375;1.076171875;-0.645263671875;-27.0205078125;-31172184283017.965;41319683551335.39
1;PR_dia;8.860728753717611;0.0;0.0;0.0;0.0;0.0;0.0;-0.00030087241327123385;0.0;0.0;0.0;0.0;0.0;0.0;-0.0029212822240726466;-0.002168588387180228;0.0;0.0;0.0;0.0;0.0;0.0;0.0;0.0;0.0;0.0;0.0;0.0;0.0;0.0;0.0;0.0;0.00015010571962491281;0.0;-0.002310651214752369;0.0;0.0;0.0;0.0;0.0;0.0;0.0;0.0;0.0;0.0;-0.0008088072423490592;6.508150544837221e-05;-0.0006780645479889519;0.0008086273431583899;0.00030433026870897294;0.000973281417092794;0.0;0.0;0.0;-0.005136978297499572;0.0;0.0;-0.0008791236237585794;-0.0003159589712894827;-0.00023920276527006427;-0.0001432839412092244;-0.018235516197939082;-0.0001470265089026266;3.6552354245601194e-05;0.00038863529954066725;0.00017574800576910008;-0.0004043314018651493;-0.00032217492158307347;0.0;0.0;0.0;-3.417547417098495e-05;-0.0002543223250739611;0.0;-0.00023390136937705114;1.4925515323649906e-07;-0.00415258957697336;-0.005963021611098889;0.0006665331643308018;-0.006691053270090656;-0.0022813976510757212;-0.0019600354204726994;-0.0049054155209580655;0.0;0.0;0.0
2;PR_dia;8.782941324411105;0.0;0.0;0.0;0.0;0.0;0.0;-0.00026262306117687956;0.0;2.440103665565796e-05;9.113524874004852e-05;3.292038700309502e-05;-0.00025331723400798256;0.009465429780167837;7.522890823792594e-05;-0.010958606639112634;0.0;0.0;0.0;0.0;0.0;0.0;0.0;0.0;0.0;0.00020814486592096726;0.0;0.0;0.0;0.0;0.0;0.0;0.008842117193747391;0.005436157224729008;0.0;0.0007822356514759518;0.0;0.0;0.0;0.0;0.0020478444239128753;0.0;0.0;-0.0005363554850181492;-0.0013361494880475503;-0.0026331640698223635;0.0016131303406482548;0.0006652710521937825;-0.0011155764809856264;0.0037816298494319726;0.005270759911752978;0.0;0.0;0.0;0.0;0.0;0.01729470145251771;0.0;0.0;0.0;0.021886938356127875;0.013576653729312098;-0.00697703763808448;-0.0011449099409448398;0.0;0.007005922573907342;0.006944763236269465;-0.007041628998477165;-0.0019527745092257102;0.0;0.0;0.0;0.006465019178492913;0.006841073302619449;-0.0010448002514947012;-7.287803858466169e-05;-0.008689653643808744;2.9633741255588424e-05;0.0029990711193253385;-0.024589533156411936;0.0001265404626277476;-0.006813508358526178;0.01712284643890961;0.0;0.0;0.0
3;PR_dia;93717.99685575035;0.0;0.0;0.0;0.0;0.0;0.0;0.0034858867214314637;-0.036701791400360784;0.07763644913901463;-0.036249189710643726;0.06851661839106826;0.06290890544213801;0.0;0.0023277202026515953;0.07226946780560618;-0.14814595597267977;0.0;0.0;0.0;0.0;0.07889564362545232;0.0;0.0;0.06211698547685021;0.0;0.0;0.0;0.0;0.0;0.0;0.0;0.12359761122361983;-0.3008619387682165;-0.00038163185910183167;0.0;0.0;0.0;0.0;0.0012186003784052657;0.0;0.0;0.0;-0.188752251609695;-0.000339099758707162;-0.004481343820744069;-0.00278676900596897;0.0003797608327816282;0.05503390293501778;0.050386578144984547;-0.16178932222236772;-0.9780041567559071;-0.5797486283733968;1.305621601233825;-0.009846095850838704;0.10061344276886638;0.0;-0.14577200066525242;-0.007930117910703152;0.0;-0.14631196069082963;-1.3638842723108773;0.04393973557127095;0.0009607110459339818;-0.015087402807844541;0.0;-0.017335148281891484;0.018277305104654695;-0.015698190473812094;-0.017055701039917222;-0.1254120386535124;-0.07572978562969121;0.0;-0.001451414264145412;0.0766428395193257;-0.05684601753918617;-0.6983960074502545;-0.8573124426488399;-0.28932776488495393;-1.039130309970417;-0.5820188989855898;-0.7568958084299413;0.06443159299385173;0.0;0.0;0.0
4;PR_dia;8.819924063063057;0.0;4.5103178471311844e-05;0.0;0.008132647632973323;-9.11587090866306e-05;0.0;-0.008801368433549128;-0.00020899880737149622;0.0;-0.00036108578860522683;-0.0045563480552853605;0.0;-0.0012240265099057422;0.0;-0.003914814373362893;0.003833835529203863;-3.579338911223473e-05;0.0;0.0;0.0;0.0;-0.0002954176451972701;-0.0016508554053918832;0.00014967979688067234;0.0;-0.0002622893548689925;0.0;-0.0003920444188031131;0.00016095814495495353;0.00036494114543339506;0.0;0.0003015341456643339;0.0;0.0;0.0;0.0;0.0;0.0;0.0;-0.010046487495550675;0.0;0.0;0.00018992842553724337;-0.00045990419094352306;0.0015180554259869219;0.0015840124709951614;0.001197225832669488;-0.0007953626814827828;0.000510198940003152;-0.00040598732139313385;0.0;0.0;0.003290567876916872;-0.0003310721809649973;9.964184846494167e-05;0.001231875943140798;0.0;-0.0005100585204047932;0.0;-0.0007423535737739809;-0.0034949411128262844;-0.0014332954566812978;0.0012659146910402115;0.0;0.0017382366187386554;0.00040370430468682775;0.0003275250863059263;0.0;0.0004185374341568988;-0.0004512016646790713;0.0;0.0005588140297371758;0.001301153181912356;3.8900465971955e-05;0.00013030139931342313;-0.013936601963430165;-0.003745960192109263;-0.0028928438917427916;-0.011753794582358406;-0.0016611432018927043;-0.0005004603580453573;0.005888464073215414;0.0;0.0;0.0
5;PR_dia;10.625250665352949;0.0;0.0;-0.0011973410643849602;0.0;0.0031054684257151993;0.0;-0.0010860535316877355;0.0;0.0;0.0013926048020231618;0.0;0.007792836316888707;-0.010044395146570205;0.00652767038697126;0.0;0.002029372397839513;0.0;0.0;0.0008951864667522385;0.0;0.0;0.0;0.0;-0.005419969980796344;0.0;0.0;0.0;0.0013857642164829924;0.0;0.0;0.0;-0.00893534133694411;0.0;0.0;0.0;0.0;0.0;0.0;0.0;0.0;0.0;0.0;0.008571233432842173;0.0025551672594892206;0.0010532368594188648;-0.00012098490264392595;-0.0009178768554243924;-0.0038209228914556142;-0.0018180155519163686;0.0005345879915959142;0.0;0.0;0.0;0.0027775334238509127;0.005485186058072743;0.0006548254167763088;-0.006065517318054533;0.0004990577954036621;0.0;0.0011488398137761975;0.00010780898445647926;0.0;0.0012113346655271964;0.007032049485678165;0.0;0.0010243599615946135;-0.000253969415279812;0.00014778876335541646;-0.0010482291512638933;-0.0030489777308074627;-0.007542383301264187;0.0;0.0;0.0;-0.005840795389570965;-0.03341057327388567;0.01627142160754353;-0.0037384682957575088;0.015408802994400849;0.006868331779520014;0.006205732159360325;0.00029652978517319493;0.0;0.0;0.0
6;PR_dia;20579.28960898367;0.0;0.0;0.0;0.0;0.0;0.0;-0.0024507466459469107;0.030434523328176755;0.09477521211813045;0.0642850444808275;0.19072808017262255;0.0;0.13215436813758832;0.09266659819958467;-0.07933628834770273;0.0;0.0;-0.19312430971959654;0.0;0.0;0.0;0.06726418250969712;0.0;-0.3194762324197516;0.0;-0.054735309891980874;0.0;0.0;-0.0013139304240021021;0.0;0.0;-0.0025565629331749384;0.0;0.0;0.0;0.0;0.0;0.0;0.5119139074099074;-0.018487142469686697;0.0;0.0;-0.00543593844249916;-0.08040253573901152;-0.09171383983354134;-0.06013391239021185;-0.058017140554186844;0.06538088696990217;-0.074294736277525;0.026943916512258484;0.0;0.0;0.0;0.0;0.0;2.336047310208425;0.0;0.0;0.0;0.05045759623655776;1.2400941100630234;0.09169314246430949;-0.027196116341090815;0.056771620542143984;0.027454364187463928;0.07872900656505077;0.09431075109016868;0.09456590651838526;0.0;0.11744527375236574;0.09789165871583502;-0.01958135346212299;-0.09628911359414331;0.10660536628219727;0.10043153263368179;-0.010360532040264912;-0.20802291297287234;0.5501993562844303;-0.6528956292987856;-0.21352444802698392;-0.3834507303756136;-0.23178389018597575;0.31350279376266804;0.0;0.0
7;PR_dia;7.0410931743158125;0.0;0.0;0.0;0.0;0.0;0.0;0.0;0.0;-0.000470226204447137;0.0;0.0011448248302986183;-0.0009566234605787177;-0.0004145557965594959;-0.0002809987304071074;-0.0003233650933394845;0.0;0.0;0.0;0.0;0.0;0.0;0.0;-0.0003113650681899724;0.00047078142077023146;0.0;0.0;0.0;0.0;0.0;0.00018147642004040168;0.0;-0.00022474858088465996;0.0;0.0;0.0;0.0;0.0;0.0;-0.0006213671101270585;0.00016021261649270743;0.0;0.0;-0.0009156204130224537;0.0012171965481496162;-0.0002736756375926211;-0.0005404173197147339;0.0;-0.0002417892950671829;0.0;-0.00046374457283984005;0.0;0.0;0.0;0.0;0.0;-0.00048611464454932114;0.0;-0.00046845501812373786;0.0;-0.00041462390621913633;-0.0012064269947442486;0.0001938843392524106;0.0003187186302054302;0.00027655666022066667;0.0;-9.237419869550755e-05;-6.464088334344616e-05;8.244483017589619e-05;-0.0007879218551858394;-0.00022404735619395254;0.0004868651726009043;0.0004066016428510573;0.00029854909851061644;2.3658118777194592e-05;-0.00017049777998440522;0.00029994642369571734;-0.00039145801194519155;-0.00015093664671577648;-0.00043600994005063326;-0.00039698731250728466;-4.7255520999980484e-05;0.0007490492758478393;0.0;0.0;0.0
General;PR_dia;15.97534179328232;-9.65154552771963e-07;1.807289180799903e-07;9.674198036505044e-06;-2.099759105787108e-06;-3.4342554768402797e-06;0.00016362450710401787;-0.00011563331738435878;-0.00034824597537307794;-0.00024958132368473057;-0.0003547505760221585;4.865420594108466e-05;-0.0001401245673077056;-7.352908779124986e-05;-0.0003001310449936326;-2.972871111949144e-05;0.00047646494961981097;-4.903654675939383e-05;3.9031865573405644e-07;8.172988337991249e-05;-1.0681440410825953e-05;7.535989706071818e-05;-0.0001185307681892064;-2.6994602251185492e-05;0.00037339982113093203;-0.0006021333461317159;0.0003126658132995579;-1.9899964619516995e-05;-6.291924112717519e-05;-8.702628053992391e-05;-0.00028608807834120607;-0.00034462263470410833;-0.000142119171864797;-0.001111447070877261;6.94567123096163e-08;1.9565863980872068e-05;2.107808460069352e-06;7.217411353176737e-05;8.962864802164014e-05;8.327269495990233e-05;7.166673777931089e-05;-2.379720439852736e-06;7.321597453390305e-05;7.30845551951516e-05;-8.902106505138683e-05;-3.149525051087449e-05;-0.0003907035839248832;-0.0005030546359240317;-0.00020890073268387623;0.00058982443763067;-0.00022416824085259708;0.0005980167939810731;-8.174863997593297e-05;-4.207020855757417e-05;0.00023601306094227911;0.0004800062893077837;0.0002739730455194572;-0.00011240141808634846;0.0001069588044431706;0.00018641781506686752;8.351988494947196e-05;0.0005802647990489216;-0.0002902823511321554;0.00012672733659553875;0.00013076918269103752;-0.00022425977560178666;2.265815342572518e-05;6.325964869860629e-06;-0.0002408749197250213;-8.144351408424113e-05;0.00022480936600400238;-2.3329999234054122e-05;7.129195078014539e-06;0.00021500720240972106;-0.00014229911642380332;0.00022607453119171864;0.0003873520128373321;-0.00048131246252741894;-0.00015019238273225054;-0.00012603078810889397;-0.00011409406411803472;-0.0002271861121171806;0.000406984654248019;0.0006631949577363102;-0.0001993251325989927;2.1420765096981645e-05
1;PR_sys;4.5838876342547055;0.0;0.0;0.0;0.0;0.0;0.0;0.000294448544891867;0.0;0.0;0.0;0.0;0.0;0.0;-0.0004053137713490376;-0.0011419369885209418;0.0;0.0;0.0;0.0;0.0;0.0;0.0;0.0;0.0;0.0;0.0;0.0;0.0;0.0;0.0;0.0;-5.271726873797011e-05;0.0;-0.001474155787340059;0.0;0.0;0.0;0.0;0.0;0.0;0.0;0.0;0.0;0.0;-0.0014653497769200191;-0.00015953512226732358;0.0005677441643176248;-0.001534079767391274;0.0007443712008852629;-0.0022602263956077494;0.0;0.0;0.0;0.0015055216937890784;0.0;0.0;-0.0003163684057978336;-0.0008431754107188104;-0.0009426264384953647;0.0001402247136474185;-0.011058783347692381;-0.001848235238944578;0.0016019327086083963;0.0015897597717108988;0.0002563229361521445;-0.0007404445836865143;-0.0016985267886377017;0.0;0.0;0.0;-0.0004908408708852491;-0.00017768153417934955;0.0;0.0003732568505897194;0.0015764976427794196;0.0031629734576221038;-0.002354258328257944;-0.0018845527966144004;0.001966523627396124;-0.0014881678306965813;-0.001277001168848447;-0.0015914749173952826;0.0;0.0;0.0
2;PR_sys;5.5737450381500695;0.0;0.0;0.0;0.0;0.0;0.0;-0.0001377383282173926;0.0;1.6820058482460917e-05;6.644144750905454e-05;0.0003249779764341251;-8.576054280302892e-05;-4.7115625240015495e-05;-0.00010723510022315596;-0.00014143877635115808;0.0;0.0;0.0;0.0;0.0;0.0;0.0;0.0;0.0;5.272806968841491e-05;0.0;0.0;0.0;0.0;0.0;0.0;0.0005890128243032802;-0.00020393863963506998;0.0;-0.0001315221384990783;0.0;0.0;0.0;0.0;-0.00029431154539992185;0.0;0.0;-4.1721640363112975e-05;0.000542404655730928;0.00014268029081787286;0.0001224695274013084;0.0004641238210079092;5.0734623481011833e-05;-0.00048528082436525297;0.00021389902387105266;0.0;0.0;0.0;0.0;0.0;-0.0016915517460723696;0.0;0.0;0.0;0.0008613152776226303;-0.0032414159173410205;0.0001772877452844565;0.00024831878663561676;0.0;0.00036859766836871695;0.0004557964296167231;-0.0003014177960419573;0.0004155475938264768;0.0;0.0;0.0;0.0004282688180634361;-0.00011151805426044034;0.0005620342321198361;-6.187381161384953e-07;-3.4115190638059275e-05;0.002135824900280934;-0.00023115760616467128;-8.691466063363282e-05;0.0013460807224904745;0.0014108551071110658;0.0012597423551809791;0.0;0.0;0.0
3;PR_sys;31261.80762538368;0.0;0.0;0.0;0.0;0.0;0.0;-0.004195008522739907;-0.008411556464131498;0.06445557854235075;0.027023389691545052;-0.08238341532696261;0.03407016543859753;0.0;-0.0028012402206445963;0.02280541645778815;-0.11844195885664845;0.0;0.0;0.0;0.0;0.06294023050482295;0.0;0.0;0.03344406318332613;0.0;0.0;0.0;0.0;0.0;0.0;0.0;-0.05560829099445774;-0.005225854036402666;-0.0024442963978400546;0.0;0.0;0.0;0.0;-0.0014664960114193493;0.0;0.0;0.0;-0.1979660950183558;0.0004080816422092487;0.005392967994575393;0.003353671724072499;-0.0004570142570422542;0.03261307406807973;-0.017820466618476513;-0.10656613489058252;-1.4606220801427556;-0.058448662606718674;0.3965734186387572;-0.03870283930531529;-0.0537552165184864;0.0;-0.14356173914750506;-0.041008577968264764;0.0;-0.14291193693353396;-1.3352538250204664;0.08689530589406771;-0.001156145149760833;-0.05131921214192475;0.0;-0.011506297274321568;0.0012841376828722148;-0.01347625571102443;-0.01184259149597339;-0.04547403872568347;-0.031110137088671365;0.0;0.0017466704155050805;-0.04253809041002593;0.02607251116344786;-0.3335340398235994;-0.6128834268916857;-0.12958553687788565;0.11892424874156285;-0.4427250872477251;-0.43530409096972356;-0.32927310112012115;0.0;0.0;0.0
4;PR_sys;7.2239470366017535;0.0;0.00038991225269387544;0.0;-0.0002971465950400744;-0.0008827549681927269;0.0;-0.0023513819316044425;0.0001813270562827183;0.0;0.0009762562132022978;-0.00021068168354915727;0.0;0.0006382965437805085;0.0;-0.0005877321184600247;0.0004018245149205554;-7.988220286753427e-05;0.0;0.0;0.0;0.0;-0.0002930117845532606;0.002232951208020097;-0.00027688485824145515;0.0;8.40414255773625e-05;0.0;-0.0003151206284464947;-0.0002286230960976271;0.0006699844476514803;0.0;-9.134251679584091e-05;0.0;0.0;0.0;0.0;0.0;0.0;0.0;-0.002921859468190623;0.0;0.0;0.00014200073389933088;7.168459652843102e-05;-0.0002915475285259058;-0.00036495348720511057;-0.0011457378910081973;0.0008044823148721459;-0.00019528420065673198;0.00046263455176814893;0.0;0.0;0.0013640518109144766;-0.0005310788626294965;4.421757869206523e-06;-0.00011223523498164125;0.0;0.0010250664014687277;0.0;-0.0008031250355127594;0.0017070742708835654;-9.064980139895732e-06;-0.00019943621761895096;0.0;-9.570025094855687e-05;-0.0009823949181638398;0.00022251401209537683;0.0;0.00018746225576073453;-0.00019260377357726741;0.0;8.18083711705761e-05;-0.00016766855200063855;-0.000136113397056594;0.00013501900806490416;-0.0007696710918625092;0.0005530511671020253;0.0020233675708656567;5.4526495616371456e-05;-0.0010192879550019005;-0.0003402797911061551;0.0005030193094080722;0.0;0.0;0.0
5;PR_sys;12.33602147151252;0.0;0.0;0.002300213899452397;0.0;-0.003344947967391987;0.0;0.00028816235625726827;0.0;0.0;-0.009474623400058432;0.0;0.002260764581208253;0.013514579766546742;-0.0012628156594191725;0.0;-0.006161882611879716;0.0;0.0;0.009130892449619314;0.0;0.0;0.0;0.0;0.004007664754666155;0.0;0.0;0.0;0.00011276303514989915;0.0;0.0;0.0;0.013106581641999609;0.0;0.0;0.0;0.0;0.0;0.0;0.0;0.0;0.0;0.0;0.02538487968230601;0.00277596393910136;0.0014142218615239375;-0.012332483505856098;0.0039643686964786025;-0.011900678723163194;-0.0009406406475282146;0.006889894280171838;0.0;0.0;0.0;-0.007738820346472121;0.004103357720558312;-0.0004070239298452021;-0.0029884823770100445;-0.0038061050919714176;0.0;-0.0013560758051295533;0.028072606476077018;0.0;0.008315986118203366;0.0037133910044909024;0.0;-0.0037718883860595773;0.011498160073465626;0.010359165910201423;0.00900360260542259;0.004211807845711807;0.008985970008274988;0.0;0.0;0.0;0.0054390373196920245;0.02970361621329303;-0.008289080110011034;-0.0020724352609800345;-0.033083254317571614;-0.0010270937389444748;0.000865578335138715;-0.008047358360726054;0.0;0.0;0.0
6;PR_sys;60975.02722661509;0.0;0.0;0.0;0.0;0.0;0.0;-0.0008681327814136081;0.006142671601628957;0.06731006234259976;0.05630816153911988;0.2126985432710377;0.0;0.16809391191382622;0.14056394499798092;-0.016216716760506657;0.0;0.0;-0.2135473643537794;0.0;0.0;0.0;0.05986408057489531;0.0;-0.1802131268951793;0.0;0.03790918662448148;0.0;0.0;-0.00046543614594055094;0.0;0.0;-0.0009056162919474087;0.0;0.0;0.0;0.0;0.0;0.0;0.5617621209293826;-0.03690905101026179;0.0;0.0;-0.03565789384789918;-0.10109366558186206;-0.1048980105048622;0.034249427944014074;0.021636586024394742;0.09972838999360592;-0.13200229841410016;-0.03365360902744137;0.0;0.0;0.0;0.0;0.0;0.6214674156333254;0.0;0.0;0.0;0.06443755736299137;-0.9479252385028375;0.10610793112013482;-0.07204014544881711;0.08533590496610532;0.01349586970197654;0.040827853168953765;0.0821169381022219;0.09996627082424667;0.0;0.09360934419458411;0.00607768582658922;-0.0798982134397773;-0.09520587994900567;0.08875609077570346;0.006977390335972146;-0.6337025302018308;0.2745265930810005;-0.8343355414351323;-0.9453386078360907;0.5531475658995336;0.2082452474634122;0.5041024494307329;-0.525911884085128;0.0;0.0
7;PR_sys;10.44620367449988;0.0;0.0;0.0;0.0;0.0;0.0;0.0;0.0;-0.000531470726033989;0.0;0.005328113787673538;0.0033676989014241043;0.0027671364441254342;0.002237347845289041;0.0008236812851515549;0.0;0.0;0.0;0.0;0.0;0.0;0.0;0.0020400336991909414;0.004435999171534949;0.0;0.0;0.0;0.0;0.0;0.0017396518651582903;0.0;0.0028902772743014237;0.0;0.0;0.0;0.0;0.0;0.0;-0.0004129208455454969;0.0007788490948763827;0.0;0.0;0.0013739654855019282;-0.0005336396703461871;0.0004173880507940456;0.0017775537535195092;0.0;-0.0008413780364204872;0.0;1.885186001168395e-05;0.0;0.0;0.0;0.0;0.0;0.002138225278946057;0.0;-0.001811567826742922;0.0;0.0028573974323737993;-0.003303410884061664;-0.002024821991079511;0.0001601148458944027;0.0005231820994214069;0.0;0.0017962980875854328;-0.003311733195926814;-0.0010365670595650878;0.0032705222831807858;0.0012759000538408733;0.0011691346243039263;0.0015734219795990076;-4.54246846067455e-05;0.001245815690399932;0.0011181611760864361;0.004256931042192864;-0.00365068873821112;-0.0006109934554580729;-0.00852046589682509;0.0006005311948012798;-0.0030508756440600446;0.007937357419122448;0.0;0.0;0.0
General;PR_sys;13.397590843245478;2.0231913908565907e-06;-4.676160284229294e-05;-2.5481888908340106e-05;-5.774031606418928e-06;8.068181927045224e-06;0.0001342291969190397;-6.519958026145623e-05;0.0005168459403866454;0.0003794845139110421;0.0003572878187187076;0.00010955902680880793;0.0003251592750675249;4.339084031334004e-05;0.00025429273223399814;-0.00016063805537182627;-0.0006623711197180612;0.00020699114030057472;4.3406981775045854e-06;3.668483449320028e-05;1.2574982460929134e-05;-0.00013570172829782023;0.00046018665621143937;-0.0005831275335758349;-0.00047360222074296134;0.0004609823064223994;-0.0005010376075548743;0.00013468308856885922;-8.09701995484294e-06;-0.00010367584272071373;0.0004612882230135892;0.0004405229132135308;2.9918084573728677e-06;0.00045225713871922547;4.0272945191874e-07;-1.982795469048705e-05;-4.918858977025474e-06;3.713817218030114e-06;2.4870961787845205e-05;3.819399707928119e-05;2.6940220014177805e-05;1.2545891932275794e-07;1.5299236512692234e-06;1.8054048674256574e-06;-3.2261144950259256e-05;-9.391926525899453e-05;0.00011623320030594163;0.0003610802818527764;0.0001820995088251252;-0.0002614968892263193;-0.0002885599953976535;0.0002064438906741105;-3.8197666917551404e-05;-0.00010655408648857555;-0.0004673266096686052;-0.0007926979093027607;-0.00045290088629195086;-0.00014045384018755296;-0.00043612520453565126;-0.0005092835492865444;3.76758449979622e-05;-5.9688595892407726e-05;0.00043063061854942673;-0.00024379974444877238;8.373811223352993e-05;5.64323360750256e-05;-0.00016103597779113204;0.00013041080028916062;0.000387640279334048;-7.152811320424104e-07;-7.038086290414477e-05;-0.00011118420046352139;-5.71755422051803e-05;-0.0003552494241657216;0.0003759000140879932;-9.482627049376381e-05;0.0002300311648070105;-2.0116822556062734e-06;0.0005808684562106059;-0.000536958856016363;-0.0002638920777574448;4.726576711021336e-05;0.00027485977427572596;0.0004583858762771963;0.0002554611500449756;-2.2435502296911358e-05
